minor_gid;major_id;minor_id;minor_name;registered_voters;votes
0;1;2;Gedimino;4736;2537
1;1;3;Saltoniškių;2876;1870
2;1;4;Sėlių;1282;722
3;1;5;Liubarto;1481;988
4;1;6;Vytauto;1410;859
5;1;7;Birutės;1852;1254
6;1;8;Pamėnkalnio;951;564
7;1;10;Taurakalnio;1426;943
8;1;12;S. Konarskio;3386;2185
9;1;13;Mindaugo;2234;1281
10;1;15;Vytenio;2153;1247
11;1;16;Naugarduko;2790;1401
12;1;17;Algirdo;3309;1607
13;1;457;Naujininkų;1743;945
14;1;458;Brolių;2163;994
15;1;459;Gimnazijos;1806;818
16;2;51;Dailės;1012;605
17;2;52;Užupio;2421;1490
18;2;53;A. Krutulio;3348;1972
19;2;54;A. Juozapavičiaus;3114;1713
20;2;55;Didlaukio;3937;2268
21;2;56;Licėjaus;3251;1480
22;2;57;Senvagės;3860;2170
23;2;59;V. Sirokomlės;4554;2747
24;2;60;S. Nėries;1789;1048
25;2;62;Naugarduko;2710;1671
26;2;65;A.Vienuolio;1780;1089
27;2;66;M. Daukšos;3232;1608
28;2;67;V. Šopeno;2288;1118
29;2;203;Baltupių;3243;2007
30;3;101;Filaretų;2605;1595
31;3;102;Olandų;847;522
32;3;104;L. Sapiegos;3940;2506
33;3;105;Šilo;3148;2076
34;3;107;Antakalnio;3315;2014
35;3;109;Švyturio;3524;2011
36;3;111;B. Sruogos;3602;2398
37;3;112;Saulėtekio;3662;2269
38;3;115;Markučių;2802;1210
39;3;116;Liepkalnio;4188;1822
40;3;119;Karačiūnų;1587;872
41;3;120;Antavilių;903;587
42;3;200;Balsių;4229;2516
43;3;201;Popieriaus;2498;1151
44;4;24;Muitininkų;4858;2937
45;4;151;Žirmūnų;2592;1480
46;4;152;Kareivių;2605;1343
47;4;153;Prekybininkų;2980;1650
48;4;154;Miestelio;2299;1197
49;4;155;Moksleivių;2565;1347
50;4;156;Raitininkų;2256;1468
51;4;157;Sporto;2781;1697
52;4;158;Kazliškių;1856;1164
53;4;159;Rinktinės;2177;1319
54;4;160;Tuskulėnų;1679;1028
55;4;161;Trimitų;1731;1018
56;4;162;Minties;1920;1094
57;4;163;Asiūklių;3345;2077
58;4;164;Apkasų;2191;1192
59;4;165;Verkių;1945;1110
60;4;166;Kalvarijų;1930;1064
61;5;202;Mokyklos;4348;2816
62;5;205;Fabijoniškių;4137;2300
63;5;207;S. Stanevičiaus;4028;2334
64;5;208;Kaimelio;2782;1500
65;5;209;L. Giros;3551;2046
66;5;210;P. Žadeikos;2190;1310
67;5;211;Gedvydžių;3277;1992
68;5;212;Rugių;4419;2742
69;5;213;S. Nėries;3992;2172
70;5;214;Pavilnionių;4964;2709
71;5;215;Bajorų;2960;1673
72;6;206;Jovaro;3925;2265
73;6;251;Ozo;1503;879
74;6;252;Viršuliškių;2066;1179
75;6;253;Lūžių;2743;1598
76;6;254;Mokslo;2621;1544
77;6;255;Čiobiškio;3377;1870
78;6;256;Musninkų;3787;2062
79;6;257;Dūkštų;2747;1575
80;6;258;Šeškinės;2363;1315
81;6;259;Ukmergės;3491;1889
82;6;260;Žygimanto Augusto;2196;1276
83;6;261;Paberžės;3784;2177
84;6;262;Gelvonų;4000;2281
85;6;305;Statybininkų;3392;1932
86;7;204;Gabijos;4163;2379
87;7;216;J. Baltrušaičio;2841;1763
88;7;301;Rygos;3798;2098
89;7;302;Taikos;4306;2493
90;7;303;Justiniškių;4096;2223
91;7;304;M. Biržiškos;3849;2256
92;7;306;Sietuvos;3356;1977
93;7;307;Žemynos;4430;2582
94;7;308;Medeinos;4243;2404
95;7;309;Pašilaičių;4298;2489
96;7;311;Įsruties;3565;2034
97;8;310;Papilėnų;3198;1935
98;8;312;Vydūno;3078;1866
99;8;351;Tujų;2829;1628
100;8;352;Sausio 13-osios;3133;1913
101;8;353;Bokšto;3230;1936
102;8;356;L. Asanavičiūtės;3570;2118
103;8;357;V. Druskio;2615;1486
104;8;358;R. Jankausko;1894;1090
105;8;359;D. Gerbutavičiaus;1707;984
106;8;360;Sietyno;2515;1495
107;8;361;A. P. Kavoliuko;2916;1614
108;8;362;V. Vaitkaus;1953;1059
109;8;363;A. J. Povilaičio;2395;1352
110;8;364;Laisvės;2853;1623
111;8;369;Pilaitės;4728;2644
112;8;370;Kriaučiūnų;548;274
113;9;48;Trakų Vokės;2706;1393
114;9;78;Liudvinavo;1794;803
115;9;401;Vingio;2682;1474
116;9;403;Geležinio Vilko;2675;1234
117;9;405;Gluosnių;2842;1598
118;9;407;Skroblų;3634;1740
119;9;408;Vilkpėdės;1799;857
120;9;410;Riešuto;1995;1149
121;9;411;Titnago;4022;1950
122;9;412;Aukštųjų Panerių;1483;638
123;9;413;Bukčių;3936;2321
124;9;414;Akacijų;2656;1591
125;9;415;Oslo;4118;2261
126;9;416;Žėručio;3150;1961
127;9;417;Paparčio;2848;1643
128;10;121;Dvarčionių;3683;1959
129;10;452;Lietuvių namų;2643;1085
130;10;453;Dzūkų;2832;1305
131;10;454;Kapsų;1416;642
132;10;455;Dariaus ir Girėno;1432;711
133;10;456;Kaminkelio;2549;1104
134;10;460;Kirtimų;1399;588
135;10;461;Palydovo;2346;984
136;10;462;Rugiagėlių;2261;1004
137;10;463;A. Kojelavičiaus;1534;568
138;10;464;Užusienio;961;527
139;10;465;Genių;1790;810
140;10;466;Pergalės;2912;1425
141;10;467;Darželio;2005;1004
142;10;468;Karklėnų;2942;1402
143;10;469;J. Kolaso;4742;2397
144;10;470;Parko;3871;1917
145;10;471;Pramonės;1386;546
146;11;1;Gamyklos;2758;1596
147;11;2;Sargėnų;1261;677
148;11;3;Vėtrungės;3478;1921
149;11;4;Rasytės;3299;1756
150;11;5;Šarkuvos;1811;971
151;11;6;Kuršių;2762;1377
152;11;7;Žemaičių;4189;2133
153;11;8;Baltų;4016;2080
154;11;9;Baltijos;3974;2215
155;11;10;Žiemgalių;4635;2392
156;11;11;Milikonių;2391;1264
157;11;12;Demokratų;2198;1172
158;11;13;Linkuvos;2918;1558
159;12;14;Neries;1768;892
160;12;15;Sąjungos;1572;845
161;12;16;Dobilo;3286;1495
162;12;18;Apuolės;1097;591
163;12;19;Seredžiaus;1468;589
164;12;21;Veršvų;4360;1995
165;12;22;Žagarės;1717;822
166;12;23;Lampėdžių;558;357
167;12;24;Kaniūkų;2659;1513
168;12;25;Akademijos;1556;786
169;12;26;H. ir O Minkovskių;1003;410
170;12;27;J. Dobkevičiaus;3191;1524
171;12;28;Veiverių;1821;875
172;12;29;Birutės;2863;1564
173;12;30;Julijanavos;2197;1136
174;12;31;Piliakalnio;1768;978
175;12;121;Ąžuolo;3637;1805
176;12;125;Kazliškių;1087;643
177;12;126;Tirkiliškių;2145;1216
178;12;127;Romainių;2522;1435
179;13;33;Tekstilininkų;1854;1046
180;13;36;Maironio;1889;992
181;13;37;A. Mackevičiaus;1171;625
182;13;38;Varpo;1268;768
183;13;39;Ryšių;2476;1504
184;13;40;Radvilėnų;2318;1372
185;13;42;J. Jablonskio;1785;1144
186;13;43;Aušros;2649;1642
187;13;45;Senojo tresto;1212;685
188;13;46;Gedimino;1836;1045
189;13;47;Sporto;840;542
190;13;49;Miško;3160;1821
191;13;94;Studentų;2961;1553
192;13;104;Parko;1692;800
193;13;105;Sodų;2091;1032
194;14;50;Jonavos;1459;739
195;14;51;Saulės;1241;713
196;14;52;L. Karsavino;2394;1403
197;14;53;Tvirtovės;1236;709
198;14;54;Algirdo;1701;976
199;14;55;Sukilėlių;1010;568
200;14;56;Purienų;2735;1395
201;14;57;Vilties;1110;663
202;14;58;Žeimenos;3451;1828
203;14;60;Versmės;3152;1604
204;14;61;Gerovės;3957;2032
205;14;62;M. Jankaus;2697;1560
206;14;63;S. Nėries;2031;1270
207;14;65;Vaidilutės;1737;862
208;15;64;Aukuro;3503;1901
209;15;66;Šiaurės;3603;1946
210;15;67;S. Žukausko;3827;2066
211;15;68;Statybininkų;4001;2153
212;15;69;Rasos;2020;1122
213;15;70;P. Plechavičiaus;3889;2155
214;15;71;K. Škirpos;4020;2120
215;15;72;P. Lukšio;4101;2247
216;16;77;Buitininkų;4094;2188
217;16;78;Partizanų;3470;1860
218;16;79;Pramonės;2592;1126
219;16;80;Dainavos;3319;1822
220;16;81;J. Urbšio;2469;1324
221;16;82;Sartų;2894;1545
222;16;83;A. Timinskio;2732;1448
223;16;84;Nepriklausomybės;2243;1246
224;16;85;Vytauto;3573;1756
225;16;86;Atžalyno;3629;1905
226;17;88;V. Krėvės;2383;1226
227;17;89;Specialistų;2769;1353
228;17;91;Taikos;2449;1347
229;17;92;Vyturio;2459;1343
230;17;93;Butrimonių;2305;1204
231;17;96;Dujotiekio;3082;1539
232;17;97;Girstučio;2194;1176
233;17;98;Pašilės;3240;1835
234;17;99;Knygnešių;2674;1291
235;17;101;Palemono;1380;676
236;17;102;Pamario;2443;1086
237;17;111;Nemuno;2058;1102
238;18;106;Šančių;2300;1078
239;18;107;Drobės;2468;1142
240;18;108;Skuodo;2202;1126
241;18;109;Žiburio;3606;1831
242;18;110;Breslaujos;3631;1834
243;18;113;Naglio;1718;821
244;18;114;Šilo;3234;1517
245;18;116;Buriuotojų;2843;1226
246;18;117;Vaidoto;2736;1153
247;18;118;Pušų;2711;1319
248;18;120;Vičiūnų;2080;1133
249;18;122;Rokų;2724;1362
250;18;123;Vaišvydavos;2183;1235
251;19;1;Gimnazijos;3288;1945
252;19;4;Danės;1147;598
253;19;5;Eglės;1714;766
254;19;6;Dviračių Treko;2693;1333
255;19;7;Kretingos;2090;1046
256;19;8;Šviesos;2427;1182
257;19;9;Muzikos Centro;1164;604
258;19;10;Žaliakalnio;1038;492
259;19;11;Saulutės;3950;1470
260;19;15;Tauralaukio;1971;955
261;19;16;Baltikalnio;1380;630
262;19;17;Saulėtekio;1985;968
263;19;18;Šatrijos;1321;617
264;19;19;Vilties;1775;738
265;19;20;Pingvinuko;1709;693
266;19;25;Šilojų;2775;1535
267;19;59;Girulių;502;275
268;19;60;Molo;1050;467
269;19;62;Jūreivių;368;301
270;19;63;Prekybos uosto;2913;1180
271;19;64;S.Daukanto;912;363
272;19;65;Kuršių;1498;702
273;19;66;Politechnikos;1454;646
274;20;21;Klaipėdos Vandens;4089;1596
275;20;22;Rumpiškių;1600;717
276;20;23;Aitvaro;2927;1279
277;20;26;Brigantinos;1971;799
278;20;27;Draugystės;3215;1438
279;20;29;Švyturio;1921;886
280;20;30;Olimpijos;1802;766
281;20;32;Dainavos;3153;1437
282;20;33;Aušros;1163;554
283;20;35;Nykštuko;2169;1041
284;20;36;Debreceno;2603;1011
285;20;37;Gedminų;2657;1226
286;20;38;Vėtrungės;2360;1049
287;20;39;Žilvičio;1624;701
288;20;45;Menų mokyklos;2024;983
289;21;47;Versmės;3880;1588
290;21;48;Vakarų;4100;1678
291;21;49;Aukuro;3445;1508
292;21;54;Želmenėlio;3316;1381
293;21;55;Brožynų;3776;1479
294;21;56;Laukininkai;4197;1707
295;21;57;Budelkiemio;3894;1540
296;21;58;Berželio;4050;1606
297;21;67;Volungėlės;2325;978
298;21;68;Bandužių;4122;1522
299;22;1;Kaštonų;1587;764
300;22;1;Kopų;2042;1011
301;22;2;Ateities;2671;1265
302;22;2;Smėlio;1151;572
303;22;3;Pušų;462;238
304;22;3;Saulės;4055;2129
305;22;4;Vilniaus;1036;588
306;22;5;Aikštės;2029;1156
307;22;6;Kauno;1291;655
308;22;7;Jūros;1389;657
309;22;13;Strėvos;3384;1334
310;22;14;Sulupės;2814;1142
311;22;40;Pamario;3988;1736
312;22;43;Rambyno;2696;1025
313;22;50;Smiltelės;4019;1833
314;22;51;Alksnynės;4307;1860
315;22;52;Baltijos;657;245
316;23;2;Medelyno;4193;2340
317;23;3;Purienų;2141;1105
318;23;4;J.Basanavičiaus;2728;1274
319;23;5;M.K.Čiurlionio;1566;844
320;23;6;V.Kudirkos;2202;1189
321;23;8;Vijolių;2403;1097
322;23;9;Jovaro;3365;1969
323;23;10;Parko;2042;1223
324;23;11;Varpo;2566;1293
325;23;13;J.Janonio;2866;1434
326;23;18;Kražių;2101;1152
327;23;24;Ragainės;1869;1022
328;24;15;S.Šalkauskio;2727;1438
329;24;20;Linkuvos;2624;1184
330;24;21;Šimšės;3338;1689
331;24;22;Zoknių;2334;1016
332;24;23;Pabalių;1581;898
333;24;25;K.Donelaičio;1675;864
334;24;27;Verduliukų;3263;1631
335;24;28;Tilžės;3507;1683
336;24;29;Žaliūkių;2353;1238
337;24;30;Gegužių;2871;1460
338;24;31;S.Dariaus ir S.Girėno;2119;1062
339;24;44;Rėkyvos;3243;1573
340;25;4;Voveriškių;824;395
341;25;5;Gegužių;727;398
342;25;6;Aukštelkės;1276;602
343;25;33;Lieporių;3388;1846
344;25;34;Beržyno;2471;1268
345;25;35;Senojo Bokšto;2408;1327
346;25;36;Dainų;2401;1372
347;25;37;Aido;2268;1225
348;25;38;Lyros;2397;1205
349;25;39;Architektų;2310;1193
350;25;40;Romuvos;3796;1890
351;25;41;Šventupio;4103;1989
352;25;42;Gytarių;3367;1682
353;26;1;Geležinkelio;3658;1988
354;26;2;Rožių;4356;2442
355;26;3;Šiaulių;3034;1386
356;26;4;Vienybės;2480;1255
357;26;5;Šermukšnių;3134;1523
358;26;6;V. Žemkalnio;2085;926
359;26;7;J.Balčikonio;2251;1336
360;26;8;Laisvės;2264;1274
361;26;9;Poliklinikos;2321;1259
362;26;10;Menų mokyklos;2886;1351
363;26;11;Danutės;2209;1182
364;26;12;Tulpių;2770;1498
365;26;25;Ukmergės;2547;1393
366;27;13;Pilėnai;3916;2223
367;27;14;Nemuno;4000;2121
368;27;15;Žvaigždžių;4239;2208
369;27;16;Šermuto;4140;2112
370;27;17;Parko;2860;1468
371;27;18;Dariaus ir Girėno;3173;1668
372;27;19;A. Lipniūno;2654;1453
373;27;20;Klaipėdos;2281;1161
374;27;21;Žvaigždutės;2896;1513
375;27;22;Statybininkų;2804;1461
376;27;23;Kniaudiškių;4109;2014
377;28;9;Krekenavos;2127;900
378;28;11;Žibartonių;838;353
379;28;12;Naujarodžių;412;181
380;28;13;Linkaučių;342;128
381;28;14;Upytės;639;306
382;28;15;Ėriškių;568;277
383;28;16;Liberiškio;577;208
384;28;17;Berniūnų;504;224
385;28;18;Naujamiesčio;1351;670
386;28;19;Gustonių;601;251
387;28;23;Uliūnų;657;254
388;28;24;Ramygalos;2144;1050
389;28;24;Vandentiekio;2441;1206
390;28;25;Daniūnų;364;155
391;28;26;J.Miltinio;2967;1606
392;28;26;Raguvos;1118;562
393;28;27;Staniūnų;2975;1307
394;28;27;Šilų;313;150
395;28;28;Beržų;2941;1649
396;28;28;Miežiškių;698;351
397;28;29;Nevėžio;603;274
398;28;29;Ramygalos;1823;889
399;28;30;Trakiškio;856;376
400;28;32;Šilagalio;582;270
401;28;33;Dembavos;2291;1231
402;28;34;Velžio;2494;1375
403;28;35;Liūdynės;596;279
404;28;36;Katinų;354;163
405;28;37;Pažagienių;736;367
406;28;38;Vadoklių;905;381
407;28;39;Jotainių;709;276
408;28;42;Molainių;928;564
409;28;43;Mažėnių;237;86
410;29;1;Kvietiškio;3327;1496
411;29;2;Narto;1918;1075
412;29;3;Laikštės;2137;1047
413;29;4;Tarpučių;3529;1638
414;29;5;Uosupio;2517;1172
415;29;6;Mokolų;3232;1561
416;29;7;Degučių;3486;1652
417;29;8;Suvalkiečių;2314;1058
418;29;9;Šaulių;2526;1181
419;29;10;Kauno;2210;1133
420;29;11;Dariaus ir Girėno;1941;982
421;29;12;Beržų;2103;954
422;29;13;Armino;1081;660
423;29;14;Gedimino;703;343
424;29;15;Centro;2206;1007
425;30;1;Amatų;1410;760
426;30;2;A.Ramanausko-Vanago;1790;1039
427;30;3;Centro;1825;927
428;30;4;A.Matučio;2788;1271
429;30;7;Dzūkijos;1720;849
430;30;8;Naujoji;1877;862
431;30;9;Statybininkų;1594;808
432;30;10;Vilties;2111;1030
433;30;11;Sporto;2174;1071
434;30;17;Panemunės;1042;472
435;30;18;Vidzgirio;3434;1727
436;30;19;Jotvingių;2532;1161
437;30;20;Topolių;1745;880
438;30;21;Volungės;3652;1757
439;30;22;Jaunimo;2455;1261
440;30;23;Jurgiškių;3515;1655
441;30;24;Likiškėlių;2942;1395
442;31;1;Gargždų;3270;1654
443;31;2;Gargždų;3967;2112
444;31;3;Gargždų;1967;926
445;31;4;Gargždų;3873;1893
446;31;5;Endriejavo;1209;582
447;31;6;Judrėnų;604;314
448;31;7;Žadeikių;303;133
449;31;8;Daukšaičių;362;186
450;31;9;Pėžaičių;612;238
451;31;10;Šalpėnų;395;191
452;31;11;Veiviržėnų;1318;613
453;31;12;Girininkų;518;201
454;31;13;Lapių;610;290
455;31;14;Tilvikų;238;104
456;31;15;Vėžaičių;2462;1119
457;31;16;Priekulės;2318;1002
458;31;17;Agluonėnų;1090;434
459;31;18;Dovilų;2299;917
460;31;19;Ketvergių;1364;478
461;31;20;Šiūparių;640;255
462;31;21;Dauparų;1206;610
463;31;22;Kvietinių;683;318
464;31;23;Girkalių;583;259
465;31;24;Kretingalės;1167;465
466;31;25;Plikių;829;375
467;31;26;Drevernos;626;258
468;31;27;Kalotės;1278;606
469;31;28;Venckų;631;241
470;31;29;Jakų;1002;481
471;31;30;Slengių;2813;1269
472;31;31;Dituvos;2233;633
473;32;1;Mokyklos;2356;1106
474;32;1;Pagėgių;1817;1077
475;32;2;Panemunės;279;109
476;32;2;Žalgirio;2364;1135
477;32;3;Kentrių;277;139
478;32;3;Martyno Jankaus;2433;1162
479;32;4;Natkiškių;736;421
480;32;4;Politechnikos;1831;845
481;32;5;Pagėgių kaimiškoji;711;357
482;32;5;Tilžės;2585;1198
483;32;6;Piktupėnų;576;305
484;32;6;Rusnės;1411;687
485;32;7;Stoniškių;1240;617
486;32;8;Šilgalių;617;275
487;32;9;Rambyno;953;577
488;32;10;Pagrynių;1715;703
489;32;10;Vilkyškių;820;466
490;32;11;Traksėdžių;863;368
491;32;11;Žukų;618;345
492;32;12;Jonaičių;511;252
493;32;13;Juknaičių;1390;565
494;32;14;Pašyšių;980;372
495;32;16;Grabupių;730;322
496;32;17;Macikų;976;267
497;32;18;Naujakurių;1494;771
498;32;19;Žemaitkiemio;312;152
499;32;20;Barvų;217;73
500;32;21;Saugų;1145;536
501;32;22;Kintų;1579;585
502;32;23;Vilkyčių;1298;488
503;32;29;Usėnų;1118;458
504;32;35;Lietuvininkų;887;443
505;32;36;Liepų;1203;613
506;33;1;Šilalės;2139;1210
507;33;2;Balsių;943;518
508;33;3;Bijotų;656;311
509;33;4;Bilionių;402;224
510;33;5;Bytlaukio;430;226
511;33;6;Biržų Lauko;573;258
512;33;7;Didkiemio;277;175
513;33;7;Gardamo;869;343
514;33;8;Gineikių;430;160
515;33;8;Ramučių;232;115
516;33;9;Girdiškės;226;120
517;33;9;Šylių;457;195
518;33;10;Iždonų;305;191
519;33;11;Jomantų;666;282
520;33;12;Jucaičių;454;222
521;33;13;Kaltinėnų;1244;646
522;33;14;Kvėdarnos;2095;1045
523;33;15;Laukuvos;1599;810
524;33;16;Obelyno;717;378
525;33;17;Pajūrio;1198;577
526;33;18;Pajūralio;830;395
527;33;19;Požerės;423;248
528;33;20;Šiauduvos;685;404
529;33;21;Tenenių;434;189
530;33;22;Traksėdžio;973;461
531;33;23;Upynos;860;456
532;33;24;Stubrių;283;165
533;33;24;Žadeikių;697;324
534;33;25;Ligoninės;1512;862
535;33;25;Stemplių;186;94
536;33;26;Palentinio;240;127
537;33;26;Švėkšnos;2011;991
538;33;27;Gimnazijos;1705;913
539;33;27;Inkaklių;631;293
540;33;28;Katyčių;701;290
541;33;30;Bikavėnų;411;202
542;33;31;Gorainių;305;155
543;33;32;Kivylių;451;245
544;33;33;Vainuto;818;399
545;33;34;Pempiškių;127;68
546;33;37;Žemaičių Naumiesčio;1278;633
547;33;38;Degučių;805;324
548;33;39;Naumiesčio kaimiškoji;885;416
549;34;1;Prezidento;2709;1309
550;34;2;J.Tumo - Vaižganto;3618;1737
551;34;3;Tauragės;1350;681
552;34;4;Dariaus ir Girėno;2316;1049
553;34;5;Aerodromo;3349;1637
554;34;6;Moksleivių;2957;1428
555;34;7;Laisvės;3137;1416
556;34;9;Melioratorių;1364;675
557;34;10;Taurų;1950;773
558;34;11;Lauksargių;1200;451
559;34;12;Kęsčių;335;155
560;34;13;Sartininkų;654;246
561;34;14;Žygaičių;841;293
562;34;15;Vizbarų;193;84
563;34;16;Aukštupių;404;210
564;34;17;Dapkiškių;525;290
565;34;18;Norkaičių;647;293
566;34;19;Pagramančio;642;307
567;34;20;Mažonų;832;325
568;34;21;Lomių;420;191
569;34;22;Šakviečio;369;128
570;34;23;Juodpetrių;715;219
571;34;28;Batakių;920;408
572;34;29;Eidintų;444;209
573;34;30;Gaurės;681;292
574;34;31;Kunigiškių;606;213
575;34;32;Eičių;334;139
576;34;33;Baltrušaičių;600;218
577;34;34;Dauglaukio;507;208
578;34;35;Drąslaukio;575;232
579;35;1;Birutės;1877;760
580;35;1;Daugėdų;369;214
581;35;2;Dariaus ir Girėno;1530;714
582;35;2;Giliogirio;252;110
583;35;3;A.Jucio;3190;1539
584;35;3;Labardžių;316;151
585;35;4;Laisvės;2861;1374
586;35;4;Medingėnų;475;210
587;35;5;Pelaičių;672;260
588;35;5;V.Mačernio;2699;1351
589;35;6;Rietavo;2290;1218
590;35;6;Senamiesčio;2007;952
591;35;7;A.Vaišvilos;2440;1172
592;35;7;Sauslaukio;1241;559
593;35;8;Aleksandravo;412;206
594;35;8;Tverų;1151;471
595;35;9;Alsėdžių;1071;477
596;35;9;Vatušių;854;408
597;35;11;Didvyčių;430;175
598;35;12;Gegrėnų;561;256
599;35;14;Gintališkės;422;196
600;35;15;Glaudžių;796;370
601;35;16;Grumblių;443;183
602;35;17;Karklėnų;630;270
603;35;18;Kontaučių;622;277
604;35;19;Kulių;1066;523
605;35;21;Milašaičių;324;152
606;35;23;Narvaišių;546;248
607;35;24;Nausodžio;1492;687
608;35;26;Platelių;1328;675
609;35;29;Stalgėnų;550;255
610;35;30;Stanelių;624;257
611;35;31;Šateikių;1065;411
612;35;32;Truikių;794;369
613;35;34;Žemaičių Kalvarijos;1159;526
614;35;35;Žlibinų;648;284
615;35;37;Prūsalių;950;387
616;36;1;Parko;1020;540
617;36;2;M.Daujoto;3090;1620
618;36;3;J.Pabrėžos;3723;1721
619;36;4;Vytauto;2397;1195
620;36;5;S.Daukanto;3224;1389
621;36;6;Kretingos;2042;1033
622;36;7;Salantų;1309;566
623;36;8;Darbėnų;1546;657
624;36;9;Lazdininkų;381;202
625;36;10;Kašučių;459;207
626;36;11;Kumpikų;307;118
627;36;12;Grūšlaukės;481;214
628;36;13;Mančių;131;56
629;36;14;Laukžemės;417;172
630;36;15;Piliakalnio;369;159
631;36;16;Žvainių;486;244
632;36;17;Laivių;387;159
633;36;18;Juodupėnų;290;147
634;36;19;Erlėnų;390;213
635;36;20;Kalnalio;200;85
636;36;21;Kartenos;1235;577
637;36;22;Kalniškių;291;159
638;36;23;Kurmaičių;717;271
639;36;24;Dvaro;1100;504
640;36;25;Padvarių;232;134
641;36;26;Kretingsodžio;1044;392
642;36;27;Rūdaičių;753;333
643;36;28;Vydmantų;1884;868
644;36;29;Kūlupėnų;1140;589
645;36;30;Nasrėnų;195;93
646;36;31;Baublių;533;215
647;36;32;Budrių;285;122
648;36;33;Mikoliškių;72;33
649;36;34;Dupulčių;560;274
650;36;35;Raguviškių;325;128
651;36;36;Rubulių;362;139
652;36;37;Jokūbavo;410;206
653;36;38;Valėnų;218;98
654;36;39;Leliūnų;190;99
655;37;1;Skuodo;2140;1081
656;37;2;Vilniaus;2173;1018
657;37;3;Laisvės;2034;849
658;37;4;Aleksandrijos;570;273
659;37;5;Kaukolikų;460;204
660;37;6;Gėsalų;332;100
661;37;7;Barstyčių;843;337
662;37;9;Ylakių;1208;558
663;37;10;Trumplaukės;430;192
664;37;11;Vižančių;431;160
665;37;12;Pašilės;606;240
666;37;13;Sedos;1796;849
667;37;14;Lenkimų;895;362
668;37;14;Žemalės;536;211
669;37;15;Mosėdžio;1718;763
670;37;15;Šerkšnėnų;479;199
671;37;16;Plinkšių;638;302
672;37;16;Šauklių;449;181
673;37;17;Notėnų;384;145
674;37;17;Tirkšlių;2191;915
675;37;18;Balėnų;593;210
676;37;18;Šliktinės;543;187
677;37;19;Daukšių;603;305
678;37;19;Užlieknės;469;187
679;37;20;Buknaičių;388;186
680;37;20;D.Rūšupių;816;295
681;37;21;Leckavos;376;147
682;37;21;Luknės;364;145
683;37;22;Auksūdžio;402;168
684;37;22;M.Rūšupių;395;192
685;37;23;Dagių;241;124
686;37;23;Šačių;581;255
687;37;24;Renavo;455;229
688;37;24;Rukų;458;162
689;37;25;Pikelių;402;151
690;37;26;Račalių;275;136
691;37;27;Ukrinų;581;287
692;37;28;Židikų;623;261
693;37;29;Urvikių;318;160
694;37;30;Bugenių;1026;443
695;37;32;Purvėnų;561;200
696;37;33;Laižuvos;495;236
697;37;34;Lūšės;221;112
698;37;35;Pievėnų;238;91
699;38;1;M.Račkausko;2555;1316
700;38;2;Senamieščio;1808;946
701;38;3;Kęstučio;1875;983
702;38;4;Gabijos;2106;995
703;38;5;Žemaitijos;3025;1548
704;38;6;Reivyčių;1610;803
705;38;7;Pavasario;3540;1581
706;38;8;Naftininkų;3542;1786
707;38;9;Pavenčių;2222;991
708;38;10;Sodų;2570;1252
709;38;11;Kalnėnų;2310;863
710;38;12;Ventos;3389;1528
711;38;31;Krakių;763;301
712;38;36;Kapėnų;413;154
713;38;37;Palnosų;789;370
714;38;38;Viekšnių;2931;1273
715;39;1;Senamiesčio;1570;795
716;39;2;V. Kudirkos;1976;963
717;39;3;Respublikos;1930;963
718;39;4;Ramučių;1486;785
719;39;4;Žagarės;2130;955
720;39;5;Agluonų;348;164
721;39;6;Akmenės 1-oji;919;544
722;39;7;Alkiškių;473;231
723;39;7;Daunoriškės;363;162
724;39;8;Daubiškių;580;210
725;39;8;Daukšių;385;176
726;39;9;Gaižaičių;421;257
727;39;9;Kairiškių;340;147
728;39;10;Gulbinų;932;434
729;39;11;Gataučių;592;226
730;39;11;Kivylių;395;208
731;39;12;Kalnelio;611;269
732;39;12;Kruopių;589;351
733;39;13;Jučių;140;63
734;39;14;Šapnagių;244;108
735;39;15;Pavenčio;1372;715
736;39;16;Papilės;1353;646
737;39;17;Linkaičių;341;149
738;39;17;Luokavos;504;254
739;39;18;Maldenių;410;198
740;39;18;Sablauskių;420;210
741;39;19;Ventos;1509;839
742;39;20;Kalniškių;223;121
743;39;20;Rudiškių;689;243
744;39;21;Eglesių;165;93
745;39;22;Klykolių;177;87
746;39;22;Skaistgirio;1309;595
747;39;23;Akmenės 2-oji;1304;758
748;39;23;Stungių;334;133
749;39;24;Naujamiesčio;972;616
750;39;24;Stupurų;343;163
751;39;28;Jakiškių;231;97
752;39;29;Jauniūnų;278;137
753;39;30;Maželių;147;71
754;39;31;Mekių;198;82
755;39;34;Jurdaičių;458;126
756;40;1;Lygumų;3040;1377
757;40;2;Masčio;2542;1326
758;40;3;Respublikos;1729;893
759;40;4;Žemaitės;3013;1381
760;40;5;Muziejaus;2194;1146
761;40;6;Šviesos;2243;1225
762;40;7;Kalno;532;310
763;40;8;Kęstučio;1688;910
764;40;9;Sedos;1747;828
765;40;10;P.Cvirkos;2696;1427
766;40;11;Degaičių;1032;516
767;40;12;Eigirdžių;832;324
768;40;13;Buožėnų;1005;388
769;40;14;Gedrimų;436;171
770;40;15;Nevarėnų;738;360
771;40;16;Mitkaičių;298;133
772;40;17;Nerimdaičių;292;137
773;40;18;Ubiškės;1060;352
774;40;19;Tryškių;1289;561
775;40;20;Kaunatavos;650;271
776;40;21;Upynos;563;236
777;40;22;Kirklių;405;133
778;40;23;Luokės;864;332
779;40;24;Viekšnalių;356;129
780;40;25;Kuršų;391;167
781;40;26;Janapolės;612;245
782;40;28;Varnių;2140;919
783;40;29;Žarėnų;881;348
784;40;30;Ryškėnų;2057;775
785;40;31;Viešvėnų;805;342
786;40;32;Vembūtų;457;213
787;40;33;Rainių;934;414
788;41;1;Budraičių;374;161
789;41;2;Butkiškės;265;132
790;41;3;Dubėnų;380;193
791;41;4;Gailių;376;121
792;41;6;Janaučių;679;259
793;41;7;Junkilų;580;279
794;41;8;Karklėnų;510;216
795;41;9;Centro;3055;1540
796;41;10;A.Mackevičiaus;3261;1467
797;41;11;Kalno;2198;1098
798;41;12;Kiaunorių;282;131
799;41;13;Kolainių;437;215
800;41;14;Kražių;928;501
801;41;15;Kukečių;889;403
802;41;16;Laugalio;274;147
803;41;17;Liolių;830;392
804;41;18;Lupikų;609;281
805;41;19;Maironių;559;237
806;41;20;Minupių;306;155
807;41;21;Mockaičių;379;186
808;41;22;Pagryžuvio;854;370
809;41;23;Pakėvio;335;144
810;41;24;Pakražančio;731;323
811;41;25;Pašiaušės;189;94
812;41;26;Pašilėnų;413;208
813;41;27;Pašilės;313;129
814;41;27;Pavandenės;568;274
815;41;28;Pavėžupio;266;122
816;41;29;Petrališkės;445;243
817;41;30;Stulgių;370;173
818;41;31;Šaltenių;375;169
819;41;32;Šaukėnų;1012;401
820;41;33;Šedbarų;378;156
821;41;34;Durpyno;1004;475
822;41;35;Tytuvėnų;1377;678
823;41;36;Užvenčio;1155;600
824;41;37;Vaiguvos;498;197
825;41;38;Valpainių;386;197
826;41;39;Verpenos;565;260
827;41;40;Vidsodžio;494;165
828;41;41;Žalpių;340;175
829;42;1;Prabaudos;2502;1513
830;42;2;Stonų;2251;1394
831;42;3;Centro;1912;1205
832;42;4;Pramonės;2820;1719
833;42;5;Kalnujų;501;318
834;42;6;Pašaltuonio;210;158
835;42;7;Sujainių;1062;660
836;42;8;Slabados;400;269
837;42;9;Viduklės;2112;1167
838;42;10;Paupio;234;147
839;42;11;Pryšmančių;656;366
840;42;12;Nemakščių;1188;690
841;42;13;Kryžkalnio;528;247
842;42;14;Ariogalos;1560;894
843;42;15;Šarkių;353;225
844;42;16;Gėluvos;502;328
845;42;17;Dainavos;265;176
846;42;18;Butkiškės;526;315
847;42;19;Verėduvos;467;288
848;42;20;Milašaičių;350;198
849;42;21;Paliepių;389;239
850;42;22;Pramedžiavos;532;352
851;42;23;Girkalnio;964;595
852;42;24;Požėčių;289;164
853;42;25;Grajauskų;165;79
854;42;26;Betygalos;520;320
855;42;27;Berteškių;408;253
856;42;28;Ilgižių;457;275
857;42;29;Agelaičių;155;111
858;42;30;Kaulakių;546;299
859;42;31;Skirmantiškės;349;209
860;42;32;Vosiliškio;349;217
861;42;33;Šiluvos;736;410
862;42;34;Lyduvėnų;266;152
863;42;35;Katauskių;527;322
864;42;36;Žaiginio;585;293
865;42;37;Ramonų;373;269
866;42;38;Gruzdiškės;510;309
867;42;39;Norgėlų;599;378
868;42;40;Lenkelių;178;112
869;42;41;Gabšių;384;244
870;42;42;Bebirvos;133;98
871;42;43;Alėjų;202;147
872;42;44;Gervinės;166;124
873;42;45;Melioratorių;1379;843
874;42;46;Didžiulių;315;205
875;43;2;Aristavos;658;305
876;43;4;Babėnų;2404;1360
877;43;6;Vikaičių;508;229
878;43;7;Dotnuvos;1284;613
879;43;8;Gudžiūnų;524;267
880;43;10;Kalnaberžės;430;260
881;43;11;Kaplių;251;135
882;43;12;Keleriškių;838;319
883;43;16;Lančiūnavos;636;297
884;43;18;Liaudies;3477;1725
885;43;19;Mantviliškio;340;164
886;43;22;Naujoji;1972;1070
887;43;23;Miegėnų;484;201
888;43;25;Okainių;383;164
889;43;27;Pagirių;476;244
890;43;29;Parko;1107;557
891;43;33;Pergalės;2566;1319
892;43;35;Petkūnų;210;123
893;43;36;Radvilų;2251;1247
894;43;38;Senamiesčio;1089;561
895;43;39;Sirutiškio;396;196
896;43;41;Smilgos;1624;973
897;43;42;Statybininkų;1163;497
898;43;43;Surviliškio;554;300
899;43;44;Šėtos;1030;535
900;43;45;Šlapaberžės;619;300
901;43;46;Taikos;2361;1259
902;43;47;Tiskūnų;734;330
903;43;48;Truskavos;501;271
904;43;50;Vilainių;1178;699
905;43;51;Žemaitės;1935;1014
906;43;52;Akademijos;662;422
907;43;53;Beržų;385;202
908;43;54;Dotnuvėlės;938;459
909;44;1;Acokavų;318;146
910;44;2;Alksniupių;831;410
911;44;3;Aukštelkų;953;414
912;44;4;Baisogalos;2093;1064
913;44;5;Beinoravos;448;203
914;44;6;Butėnų;359;149
915;44;7;Daugėlaičių;443;193
916;44;8;Gražionių;564;256
917;44;9;Gražiškių;142;84
918;44;10;Grinkiškio;773;378
919;44;12;Kairėnų;244;141
920;44;13;Karčemų;617;275
921;44;14;Kutiškių;645;287
922;44;15;Miežaičių;236;93
923;44;16;Minaičių;182;109
924;44;17;Pakiršinio;887;397
925;44;18;Palonų;452;137
926;44;19;Papušynio;266;122
927;44;20;Pašušvio;513;219
928;44;21;Pavartyčių;668;316
929;44;22;Pociūnų;431;211
930;44;23;Pociūnėlių;595;235
931;44;24;Polekėlės;395;192
932;44;25;Vaižganto;2450;1204
933;44;26;Lituanikos;2066;1101
934;44;27;Kudirkos;2166;1257
935;44;28;Rūmų;2540;1191
936;44;29;Lizdeikos;2463;1339
937;44;30;Raudondvario;927;340
938;44;31;Sidabravo;820;377
939;44;32;Skėmių;481;245
940;44;33;Šaukoto;627;302
941;44;34;Šeduvos;1118;588
942;44;35;Mokyklos;1258;611
943;44;36;Šiaulėnų;736;330
944;44;37;Šniūraičių;669;280
945;44;38;Tyrulių;390;185
946;44;39;Vadaktų;255;141
947;44;40;Vaitiekūnų;259;122
948;44;41;Vėriškių;680;226
949;44;43;Žeimių;297;104
950;44;44;Eibariškių;2665;1382
951;45;1;Ginkūnų;2854;1462
952;45;2;Bridų;1281;635
953;45;3;Vijolių;1013;573
954;45;7;Pakapės;286;116
955;45;8;Einoraičių;440;172
956;45;9;Bubių;970;484
957;45;10;Gilvyčių;433;176
958;45;11;Kurtuvėnų;609;313
959;45;12;Bazilionų;775;385
960;45;13;Kairių;1897;983
961;45;14;Šilėnų;459;220
962;45;15;Žadžiūnų;476;205
963;45;16;Meškuičių;1120;525
964;45;17;Naisių;715;381
965;45;18;Gruzdžių;1491;681
966;45;19;Šiupylių;378;175
967;45;20;Kužių;1572;663
968;45;21;Gilaičių;321;139
969;45;22;Verbūnų;615;237
970;45;23;Smilgių;280;121
971;45;24;L. Ivinskio;2271;1229
972;45;25;Centro;1149;628
973;45;26;Gedimino;2618;1323
974;45;27;Pušyno;1578;816
975;45;28;Pavenčių;1274;642
976;45;29;Daugėlių;1651;798
977;45;30;Micaičių;847;431
978;45;31;Varputėnų;288;128
979;45;32;Gergždelių;293;148
980;45;33;Pakumulšių;393;172
981;45;34;Drąsučių;1264;477
982;45;35;Romučių;230;105
983;45;36;Sauginių;319;141
984;45;37;Raudėnų;629;294
985;45;38;Dirvonėnų;501;199
986;45;39;Šakynos;676;248
987;45;40;Žarėnų;480;183
988;46;1;Balsių;776;372
989;46;1;Žemaičių;2923;1513
990;46;2;Bardiškių;484;203
991;46;2;Livonijos;3036;1689
992;46;3;Degesių;178;90
993;46;3;V.Kudirkos;2626;1329
994;46;4;Degučių;247;133
995;46;5;Bariūnų;752;304
996;46;5;Draudelių;195;84
997;46;6;Darginių;257;77
998;46;6;Dvariškių;335;166
999;46;7;Gačionių;243;118
1000;46;8;Gedučių;164;59
1001;46;9;Guostagalio;802;222
1002;46;10;Gasčiūnų;449;206
1003;46;10;Grikpėdžių;327;166
1004;46;11;Klovainių;761;403
1005;46;12;Kalpokų;340;147
1006;46;13;Kauksnųjų;184;69
1007;46;13;Plikiškių;417;184
1008;46;14;Kepalių;410;200
1009;46;14;Laipuškių;199;102
1010;46;15;Kirnaičių;363;189
1011;46;15;Linksmučių;302;145
1012;46;16;Kriukų;480;242
1013;46;16;Linkuvos;1644;744
1014;46;17;Linų;406;175
1015;46;18;Lygumų;644;283
1016;46;19;Mažeikonių;877;396
1017;46;19;Mindaugių;313;154
1018;46;20;Mikniūnų;274;132
1019;46;21;Medikonių;353;140
1020;46;21;Satkūnų;356;161
1021;46;22;Mikoliškio;205;83
1022;46;23;Naujamiesčio;2855;1574
1023;46;24;Pakruojo;1964;1034
1024;46;25;Bučiūnų;175;113
1025;46;25;Pamūšio;298;142
1026;46;26;Lieporų;193;88
1027;46;26;Pašvitinio;389;188
1028;46;27;Blauzdžiūnų;129;65
1029;46;27;Peleniškių;187;95
1030;46;28;Preičiūnų;250;110
1031;46;30;Plaučiškių;308;178
1032;46;31;Rimkūnų;177;75
1033;46;32;Rozalimo;840;427
1034;46;32;Skilvionių;155;73
1035;46;33;Stačiūnų;329;134
1036;46;33;Ziniūnų;305;137
1037;46;34;Sosdvario;138;74
1038;46;35;Šukionių;378;151
1039;46;36;Triškonių;386;157
1040;46;37;Ūdekų;340;165
1041;46;38;Žeimelio;990;444
1042;46;39;Žvirblonių;370;187
1043;47;1;Geležių;599;303
1044;47;1;Joniškėlio;1073;562
1045;47;2;P.Vileišio;2635;1277
1046;47;2;Tiltagalių;705;305
1047;47;3;Kalno;2511;1277
1048;47;3;Karsakiškio;555;234
1049;47;4;Paliūniškio;553;289
1050;47;4;Vilniaus;2003;964
1051;47;5;Daujėnų;610;302
1052;47;5;Piniavos;1637;767
1053;47;6;Bernatonių;1078;466
1054;47;6;Girsūdų;517;243
1055;47;7;Paįstrio;1387;571
1056;47;7;Švobiškio;481;231
1057;47;8;Daukniūnų;617;265
1058;47;8;Norgėlų;241;98
1059;47;9;Meškalaukio;520;184
1060;47;10;Nakiškių;603;249
1061;47;11;Narteikių;517;251
1062;47;12;Krinčino;676;305
1063;47;13;Gulbinėnų;240;125
1064;47;14;Pajiešmenių;851;383
1065;47;15;Papyvesių;805;374
1066;47;16;Talačkonių;512;206
1067;47;17;Ustukių;869;381
1068;47;18;Valakėlių;396;161
1069;47;19;Pumpėnų;941;409
1070;47;20;Jurgėnų;556;274
1071;47;20;Smilgių;611;295
1072;47;21;Kriklinių;424;217
1073;47;21;Sujėtų;319;164
1074;47;22;Perekšlių;521;249
1075;47;22;Rinkūnų;342;150
1076;47;23;Pušaloto;824;376
1077;47;24;Mikoliškio;588;250
1078;47;25;Deglėnų;209;123
1079;47;26;Kiemėnų;351;172
1080;47;27;Namišių;449;240
1081;47;28;Raubonių;671;279
1082;47;29;Saločių;1066;399
1083;47;30;Žadeikonių;200;129
1084;47;31;Paežerio;864;519
1085;47;31;Žilpamūšio;455;184
1086;47;32;Grūžių;409;152
1087;47;33;Nairių;393;183
1088;47;34;Tetirvinų;622;263
1089;47;35;Vaškų;880;414
1090;47;44;Skaistgirių;420;173
1091;48;1;Atžalyno;2267;1082
1092;48;2;Alizavos;583;312
1093;48;2;Rotušės;922;488
1094;48;3;Antašavos;581;331
1095;48;3;Aušros;2416;1275
1096;48;4;Aukštupėnų;718;346
1097;48;4;Saulės;2359;1202
1098;48;5;Kaštonų;3223;1575
1099;48;6;Anglininkų;286;141
1100;48;7;Kratiškių;570;290
1101;48;7;Račiupėnų;2960;1451
1102;48;8;Kupos;1878;942
1103;48;8;Nausėdžių;381;134
1104;48;9;Obelaukių;829;461
1105;48;9;Senamiesčio;1415;686
1106;48;10;Rinkuškių;1630;684
1107;48;11;Germaniškio;518;213
1108;48;12;Nemunėlio Radviliškio;787;297
1109;48;13;Pučiakalnės;280;114
1110;48;14;Kirdonių;694;313
1111;48;15;Pabiržės;884;410
1112;48;15;Paketurių;574;255
1113;48;16;Pačeriaukštės;449;211
1114;48;17;Pasvaliečių;443;192
1115;48;17;Salamiesčio;604;278
1116;48;18;Juostaviečių;398;196
1117;48;19;Einorių;321;158
1118;48;20;Kraštų;284;141
1119;48;21;Kupreliškio;382;214
1120;48;22;Kvetkų;377;163
1121;48;23;Papilio;476;230
1122;48;23;Virbališkių;274;124
1123;48;24;Medeikių;651;244
1124;48;24;Žaidelių;396;173
1125;48;25;Parovėjos;761;348
1126;48;26;Užušilių;390;169
1127;48;27;Ančiškių;291;137
1128;48;28;Jasiuliškių;291;161
1129;48;29;Meilūnų;367;182
1130;48;30;Ramongalių;361;185
1131;48;31;Šukionių;270;201
1132;48;32;Vabalninko;1024;571
1133;49;1;Adomynės;491;260
1134;49;1;Senamiesčio;3130;1717
1135;49;2;Janydžių;1645;969
1136;49;3;Ažupiečių;1866;1043
1137;49;4;Liudiškių;2713;1419
1138;49;5;Biliūnų;216;99
1139;49;5;Piktagalio;497;260
1140;49;6;Ažuožerių;567;290
1141;49;6;Juodpėnų;284;126
1142;49;7;Elmos;1110;552
1143;49;8;Burbiškio;657;317
1144;49;9;Šlavėnų;421;181
1145;49;10;Debeikių;1222;571
1146;49;10;Laičių;249;125
1147;49;11;Leliūnų;393;213
1148;49;11;Lukonių;444;209
1149;49;12;Kavarsko;896;497
1150;49;12;Migonių;190;102
1151;49;13;Dabužių;251;116
1152;49;13;Naivių;345;164
1153;49;14;Janušavos;721;301
1154;49;14;Noriūnų;1406;624
1155;49;15;Svirnų;431;203
1156;49;16;Rudilių;453;183
1157;49;16;Šerių;368;181
1158;49;17;Šovenių;154;82
1159;49;18;Kurklių;495;255
1160;49;18;Skapiškio;672;338
1161;49;19;Kurklių II k.;362;175
1162;49;19;Skverbų;471;236
1163;49;20;Staškūniškio;404;236
1164;49;20;Subačiaus;884;450
1165;49;21;Katlėrių;321;157
1166;49;21;Šepetos;966;411
1167;49;22;Skiemonių;492;226
1168;49;22;Šimonių;536;295
1169;49;23;Mačionių;293;158
1170;49;24;Daujočių;214;130
1171;49;25;Aulelių;174;99
1172;49;26;Svėdasų;1335;681
1173;49;27;Vaitkūnų;299;190
1174;49;28;Troškūnų;1325;606
1175;49;30;Vašuokėnų;190;97
1176;49;31;Surdegio;355;175
1177;49;32;Nausodės;187;81
1178;49;33;Raguvėlės;396;228
1179;49;34;Levaniškių;332;138
1180;49;35;Traupio;375;215
1181;49;36;Andrioniškio;470;249
1182;49;37;Viešintų;788;413
1183;50;1;J.Tumo-Vaižganto;2482;1365
1184;50;2;Senamiesčio;2576;1451
1185;50;3;Mikrorajono;1776;1055
1186;50;4;J.Tūbelio;2750;1415
1187;50;5;Respublikos;2484;1323
1188;50;6;Bajorų;906;486
1189;50;7;Čedasų;225;117
1190;50;8;Kavoliškio;1500;727
1191;50;9;Skemų;641;324
1192;50;10;Žiobiškio;500;260
1193;50;11;Kazliškio;439;243
1194;50;12;Konstantinavos;200;111
1195;50;13;Obelių;914;510
1196;50;14;Pandėlio;1544;720
1197;50;15;Juodupės;1588;874
1198;50;16;Juodupės kaimiškoji;1132;523
1199;50;18;Lukštų;284;135
1200;50;19;Jūžintų;848;403
1201;50;20;Laibgalių;701;331
1202;50;21;Sėlynės;294;147
1203;50;22;Kamajų;607;339
1204;50;23;Aukštakalnių;315;161
1205;50;24;Duokiškio;232;127
1206;50;25;Kalvių;377;233
1207;50;26;Salų;406;263
1208;50;27;Kriaunų;497;261
1209;50;28;Lašų;315;159
1210;50;29;Kairelių;271;178
1211;50;30;Pakriaunių;235;153
1212;50;31;Aleksandravėlės;187;97
1213;50;32;Zarinkiškių;227;113
1214;50;33;Antanašės;363;181
1215;50;34;Obelių;544;275
1216;50;35;Suvainiškio;226;114
1217;50;37;Sriubiškių;282;145
1218;50;38;Lailūnų;285;137
1219;50;40;Panemunio;324;174
1220;50;41;Stoties;845;436
1221;50;42;Panemunėlio;367;187
1222;51;1;Aukštakalnio;2112;1124
1223;51;2;Taikos;2605;1359
1224;51;3;Aušros;2382;1357
1225;51;4;Dauniškio;2114;1133
1226;51;5;Vyturių;2588;1309
1227;51;6;Centro;1768;846
1228;51;7;Basanavičiaus;2580;1375
1229;51;8;Ąžuolijos;2319;1361
1230;51;9;Krašuonos;2489;1361
1231;51;10;Daugailių;556;263
1232;51;11;Radeikių;481;234
1233;51;12;Juknėnų;191;88
1234;51;13;Kuktiškių;671;327
1235;51;14;Leliūnų;639;354
1236;51;15;Antalgės;925;442
1237;51;16;Pakalnių;1002;446
1238;51;17;Saldutiškio;541;292
1239;51;18;Kirdeikių;312;164
1240;51;19;Sudeikių;657;299
1241;51;20;Sirutėnų;466;221
1242;51;21;Tauragnų;1232;623
1243;51;22;Pačkėnų;824;395
1244;51;23;Biliakiemio;754;393
1245;51;24;Vaikutėnų;514;260
1246;51;25;Užpalių;1047;577
1247;51;26;Kaniukų;354;183
1248;51;27;Vilučių;226;100
1249;51;28;Vyžuonų;1071;557
1250;51;30;Naujasodžio;2342;1179
1251;51;31;Smėlio;1947;839
1252;52;1;Antalieptės;603;318
1253;52;1;Draugystės;1426;626
1254;52;2;Antazavės;529;350
1255;52;2;Gerosios Vilties;965;416
1256;52;3;Sedulinos;1028;400
1257;52;3;Šniukštų;337;187
1258;52;4;Atgimimo;1227;517
1259;52;4;Baibių;459;244
1260;52;5;Ateities;1387;573
1261;52;5;Degučių;397;216
1262;52;6;Atžalyno;1403;557
1263;52;6;Avilių;336;217
1264;52;7;Imbrado;513;270
1265;52;7;Orbitos;874;265
1266;52;8;Biržūnų;256;134
1267;52;8;Kosmoso;1004;420
1268;52;9;Salako;645;343
1269;52;9;Taikos;1121;473
1270;52;10;Samanių;240;114
1271;52;10;Vilties;1129;477
1272;52;11;Bangos;1172;529
1273;52;11;Suvieko;381;226
1274;52;12;Auksinio gaidelio;1138;457
1275;52;12;Dimitriškių;560;268
1276;52;13;Magučių;467;189
1277;52;13;Vilties šaltinio;1161;518
1278;52;14;Gintarėlio;1382;542
1279;52;14;Šaulių;340;170
1280;52;15;Ąžuoliuko;1188;389
1281;52;15;Štadvilių;579;298
1282;52;16;Kimbartiškės;326;156
1283;52;16;Žiburio;1381;538
1284;52;17;Smalvų;233;111
1285;52;18;Turmanto;669;295
1286;52;19;Dusetų;1042;505
1287;52;20;Sadūnų;231;115
1288;52;21;Užtiltės;1102;577
1289;52;22;Zarasų rytų;2925;1520
1290;52;23;Zarasų vakarų;1748;963
1291;52;24;Zarasų šiaurės;1480;842
1292;53;1;Antalksnės;238;161
1293;53;2;Bernotų;254;142
1294;53;3;Ceikinių;330;212
1295;53;4;Didžiasalio;1104;492
1296;53;5;Dysnos;383;203
1297;53;6;Dūkšto;1153;549
1298;53;6;Pašaminės;610;279
1299;53;7;Gilūtų;200;121
1300;53;7;Reškutėnų;269;174
1301;53;8;Grybėnų;150;83
1302;53;8;Trūdų;619;332
1303;53;9;Ignalinos Centro;3658;1965
1304;53;9;Zadvarninkų;626;315
1305;53;10;Ignalinos;1283;725
1306;53;10;Milkuškų;351;181
1307;53;11;Kaniūkų;424;232
1308;53;11;Stanislavavo;262;161
1309;53;12;Kazitiškio;565;271
1310;53;12;Šventos;474;275
1311;53;13;Bačkininkų;321;151
1312;53;13;Kazokinės;772;448
1313;53;14;Linkmenų;637;393
1314;53;14;Svirkų;503;270
1315;53;15;Adutiškio;719;420
1316;53;15;Mažėnų;243;153
1317;53;16;Jakelių;252;160
1318;53;16;Meikštų;338;199
1319;53;17;Mielagėnų;392;202
1320;53;18;N.Daugėliškio;479;235
1321;53;19;Švenčionių;2094;1167
1322;53;20;Liepų;2219;1026
1323;53;20;Rimšės;625;278
1324;53;21;Cirkliškio;795;392
1325;53;21;Rubelninkų;164;97
1326;53;22;Strigališkio;703;402
1327;53;23;Šiūlėnų;361;209
1328;53;24;Švedriškės;213;97
1329;53;25;Taujūnų;288;180
1330;53;26;Pavoverės;752;270
1331;53;26;Tverečiaus;563;264
1332;53;27;Sarių;419;227
1333;53;27;Vidiškių;1064;472
1334;53;28;Strūnaičio;492;270
1335;53;29;Vidutinės;622;237
1336;54;1;Alantos;874;495
1337;54;1;Švenčionėlių;2339;1255
1338;54;2;Ateities;2452;1354
1339;54;2;Žalvarių;487;216
1340;54;3;Balninkų;405;222
1341;54;3;Kaltanėnų;449;303
1342;54;4;Bekupės;429;179
1343;54;4;Labanoro;302;186
1344;54;5;Bijutiškio;357;184
1345;54;6;Čiulėnų;881;412
1346;54;7;Dapkūniškių;273;127
1347;54;8;Dubingių;499;249
1348;54;9;Giedraičių;949;418
1349;54;10;Girsteitiškio;244;127
1350;54;11;Inturkės;840;348
1351;54;12;Joniškio;1192;392
1352;54;13;Miežonių;364;131
1353;54;14;Levaniškių;438;242
1354;54;15;Luokesos;1436;613
1355;54;16;Mindūnų;486;221
1356;54;17;Pabradės;1783;672
1357;54;17;Siesarties;2579;1344
1358;54;18;Kranto;2882;1294
1359;54;18;Liepų;2818;1493
1360;54;19;Naujasodžio;774;396
1361;54;20;Skudutiškio;409;205
1362;54;21;Suginčių;537;265
1363;54;22;Magūnų;369;186
1364;54;22;Videniškių;659;313
1365;54;23;Prienų;343;170
1366;54;23;Vorėnų;327;168
1367;54;24;Karkažiškės;540;187
1368;54;24;Verbiškių;391;196
1369;54;25;Padubingės;238;107
1370;54;45;Sužionių;671;402
1371;54;47;Skirlėnų;477;314
1372;55;1;Avižienių;2200;1387
1373;55;1;Širvintų m.;2729;1470
1374;55;2;I.Šeiniaus;3264;1886
1375;55;2;Riešės;1731;1097
1376;55;3;Buivydžių;956;615
1377;55;3;Juodiškių;408;209
1378;55;4;Alionių;408;190
1379;55;4;Buivydiškių;3839;2445
1380;55;5;Čiobiškio;474;263
1381;55;5;Platiniškių;701;400
1382;55;6;Čekoniškių;897;497
1383;55;6;Virvyčių;283;149
1384;55;7;Bagaslaviškio;426;184
1385;55;8;Gelvonų;511;237
1386;55;9;Liukonių;353;179
1387;55;10;Bartkuškio;465;225
1388;55;11;Šiaulių;438;225
1389;55;12;Medžiukų;668;357
1390;55;13;Dūkštų;794;536
1391;55;13;Kernavės;413;216
1392;55;14;Geisiškių;634;445
1393;55;14;Musninkų;690;365
1394;55;15;Vileikiškių;328;175
1395;55;16;Alekniškio;262;116
1396;55;17;Družų;488;204
1397;55;18;Motiejūnų;271;147
1398;55;19;Širvintų kaimiškoji;741;369
1399;55;20;Anciūnų;375;178
1400;55;20;Maišiagalos;1652;986
1401;55;21;Karvio;843;533
1402;55;21;Kiauklių;223;127
1403;55;22;Šešuolėlių;504;257
1404;55;23;Viesų;149;74
1405;55;24;Kielių;365;188
1406;55;30;Rudausių;815;348
1407;55;32;Eitminiškių;705;350
1408;55;33;Paberžės;1863;882
1409;55;34;Glitiškių;712;385
1410;55;35;Visalaukės;644;336
1411;55;36;Didžiosios Riešės;2793;1847
1412;55;37;Pikeliškių;1573;940
1413;55;44;Sudervės;1919;1222
1414;55;46;Veriškių;585;364
1415;55;53;Bukiškio;1567;1054
1416;55;54;Kreivalaužių;915;472
1417;56;1;Šalčininkų;2449;1235
1418;56;2;Centrinė miesto;2477;1321
1419;56;3;Parko;1649;688
1420;56;4;Šalčininkėlių;871;390
1421;56;5;Zavišonių;609;280
1422;56;6;Gerviškių;419;249
1423;56;7;Bezdonių;2031;1026
1424;56;7;Tribonių;309;183
1425;56;8;Sėlų;474;304
1426;56;9;Čiužiakampio;626;332
1427;56;15;Pakenės;840;514
1428;56;16;Kalvelių;1807;945
1429;56;17;Šumsko;1335;780
1430;56;18;Mostiškių;855;531
1431;56;19;Lavoriškių;1321;754
1432;56;20;Jašiūnų;2486;1305
1433;56;21;Geležinkelio;390;184
1434;56;22;Keidžių;315;197
1435;56;23;Rūdninkų;510;312
1436;56;24;Baltosios Vokės;1085;776
1437;56;24;Mickūnų;2855;1492
1438;56;25;Galgių;1377;801
1439;56;25;Turgelių;1155;645
1440;56;26;Medininkų;1074;665
1441;56;26;Skynimų;420;204
1442;56;27;Tabariškių;494;264
1443;56;28;Akmenynės;757;510
1444;56;29;Kabiškių;893;505
1445;56;29;Poškonių;684;395
1446;56;30;Dieveniškių;1107;542
1447;56;31;Krakūnų;202;146
1448;56;32;Jurgelionių;209;135
1449;56;33;Milkūnų;333;181
1450;56;34;Baušių;421;225
1451;56;36;Šarkaičių;181;139
1452;56;41;Rukainių;1506;993
1453;56;42;Senasalio;376;257
1454;56;43;Savičiūnų;679;470
1455;56;51;Nemenčinės;2376;1261
1456;56;52;Neries;2134;1177
1457;56;55;Rakonių;806;478
1458;57;1;Lentvario;2956;1523
1459;57;2;Klevų;3063;1453
1460;57;8;Baltosios Vokės;1386;611
1461;57;9;Pagirių;3326;1653
1462;57;10;Keturiasdešimties Totorių;1090;459
1463;57;11;Grigaičių;1314;773
1464;57;12;Kyviškių;1171;732
1465;57;22;Marijampolio;1110;659
1466;57;23;Parudaminio;874;447
1467;57;27;Nemėžio;3362;1645
1468;57;28;Skaidiškių;3921;1646
1469;57;30;Senojo Tarpupio;283;162
1470;57;32;Šventininkų;350;196
1471;57;38;Rudaminos;3832;2100
1472;57;39;Kalviškių;936;547
1473;57;40;Valčiūnų;1946;866
1474;57;43;Lauko;2243;1253
1475;57;44;Kilimų;1568;853
1476;57;48;Mažųjų Lygainių;387;254
1477;57;49;Juodšilių;2064;1211
1478;57;50;Melioratorių;3382;1604
1479;57;451;Salininkų;2361;975
1480;58;3;Trakų m.;2055;1210
1481;58;5;Ausieniškių;1059;425
1482;58;6;Balceriškių;1334;530
1483;58;7;Beižionių;290;139
1484;58;8;Daugirdiškių;311;106
1485;58;9;Kazokiškių;426;201
1486;58;10;Ismonių;263;110
1487;58;10;Pastrėvio;626;250
1488;58;11;Semeliškių;703;333
1489;58;11;Tiltų;378;271
1490;58;12;Rūdiškių;2218;1159
1491;58;12;Vievio;3989;1983
1492;58;13;Šklėrių;441;236
1493;58;14;Aukštadvario;1121;635
1494;58;15;Čižiūnų;458;215
1495;58;16;Karapolio;185;98
1496;58;17;Grendavės;570;311
1497;58;21;Rykantų;1045;368
1498;58;22;Dusmenų;380;194
1499;58;23;Onuškio;978;480
1500;58;24;Vaickūniškių;365;159
1501;58;25;Kauno Vokės;3195;1402
1502;58;25;Paluknio;998;557
1503;58;26;Kunigiškių;2807;1392
1504;58;27;Bijūnų;383;206
1505;58;27;Šviesos;3081;1405
1506;58;31;Senųjų Trakų;1659;956
1507;58;33;Bražuolės;743;326
1508;58;34;Žaizdrių;840;400
1509;58;35;Jovariškių;326;190
1510;58;40;Salkininkų;382;184
1511;58;41;Birutės;2438;1555
1512;58;42;Bagdononių;315;112
1513;59;1;Draugystės;2371;1132
1514;59;1;Vytauto;1088;490
1515;59;2;Gedimino;1542;808
1516;59;2;Saulės;4083;1958
1517;59;3;Girelės;2696;1331
1518;59;3;Sodų;2213;1198
1519;59;4;Lomenos;2187;1124
1520;59;4;Versmės;2502;1148
1521;59;5;Kruonio;1133;444
1522;59;6;Kalvių;550;234
1523;59;7;Vilūnų;483;243
1524;59;8;Darsūniškio;465;212
1525;59;9;Ringailių;439;214
1526;59;12;Stoniavos;823;390
1527;59;13;Dainių;536;264
1528;59;13;Gilučių;410;216
1529;59;14;Jagėlonių;294;119
1530;59;14;Stasiūnų;951;435
1531;59;15;Kietaviškių;878;390
1532;59;15;Melioratorių;1022;480
1533;59;16;Žiežmarių;1723;807
1534;59;17;Gudienos;1961;915
1535;59;18;Žaslių;807;375
1536;59;19;Pajautiškių;491;226
1537;59;20;Stabintiškių;633;255
1538;59;21;Beištrakių;154;57
1539;59;22;Tauckūnų;533;219
1540;59;23;Palomenės;744;340
1541;59;24;Zūbiškių;395;160
1542;59;25;Paparčių;665;243
1543;59;26;Rumšiškių;1962;993
1544;59;27;Pravieniškių;2180;955
1545;59;28;Dovainonių;811;430
1546;59;29;Antakalnio;648;303
1547;59;30;Mūro Strėvininkų;492;178
1548;59;31;Liutonių;354;187
1549;60;1;Rimkų;2620;1316
1550;60;2;Juodmenos;3587;1606
1551;60;3;Kregždutės;2575;1159
1552;60;4;Bibliotekos;2080;1184
1553;60;6;Senamiesčio;2256;1057
1554;60;7;Saulutės;1606;781
1555;60;8;Mokyklos;1733;832
1556;60;9;Ateities;1806;925
1557;60;10;Kalnų;1023;506
1558;60;11;Lakštingalų;2038;1200
1559;60;12;Lietavos;2464;1266
1560;60;13;Baldininkų;1156;577
1561;60;14;Ruklos;1472;612
1562;60;15;Bukonių;692;284
1563;60;16;Liepių;645;263
1564;60;17;Batėgalos;552;226
1565;60;18;Čičinų;778;321
1566;60;19;Kulvos;573;258
1567;60;20;Juškonių;408;165
1568;60;21;Kuigalių;475;146
1569;60;22;Žeimių;954;490
1570;60;23;Panoterių;516;260
1571;60;24;Šilų;1039;415
1572;60;25;Upninkų;1208;504
1573;60;26;Užusalių;1973;913
1574;60;27;Šveicarijos;1809;830
1575;61;1;S.Daukanto;1622;850
1576;61;2;Anykščių;1255;705
1577;61;3;Maironio;1804;999
1578;61;4;J.Basanavičiaus;926;527
1579;61;5;Vytauto;996;514
1580;61;6;Kęstučio;966;493
1581;61;7;Klaipėdos;991;567
1582;61;8;Transporto;919;424
1583;61;9;Kauno;1247;610
1584;61;10;Smėlių;1526;754
1585;61;11;Krekšlių;2311;1184
1586;61;12;Linų;3030;1605
1587;61;13;Pivonijos;2131;1132
1588;61;14;Pašilės;891;505
1589;61;15;Siesikų;1325;520
1590;61;18;Taujėnų;1058;472
1591;61;19;Balelių;350;188
1592;61;21;Vidiškių;1491;638
1593;61;22;Rečionių;930;426
1594;61;23;Deltuvos;1606;610
1595;61;24;Dainavos;701;328
1596;61;26;Lyduokių;892;386
1597;61;28;Pabaisko;481;223
1598;61;29;Kulniškių;348;182
1599;61;30;Šešuolių;371;186
1600;61;31;Liaušių;422;224
1601;61;32;Antakalnio;396;155
1602;61;33;Krikštėnų;336;174
1603;61;34;Laičių;600;254
1604;61;35;Veprių;1068;528
1605;61;37;Želvos;1057;520
1606;61;40;Žemaitkiemio;707;341
1607;62;1;Viešvilės;951;432
1608;62;2;Smalininkų;1232;555
1609;62;3;Jurbarkų;1523;683
1610;62;4;Rotulių;595;321
1611;62;5;Žindaičių;629;256
1612;62;6;Eržvilko;573;282
1613;62;7;Pašaltuonio;348;185
1614;62;8;Lybiškių;558;301
1615;62;9;Kartupių;433;194
1616;62;10;Rutkiškių;343;148
1617;62;11;Pavidaujo;363;151
1618;62;12;Girdžių;742;300
1619;62;13;Vadžgirio;766;316
1620;62;14;Šimkaičių;367;199
1621;62;15;Paulių;333;147
1622;62;16;Volungiškės;269;136
1623;62;17;Juodaičių;395;214
1624;62;18;Armeniškių;373;209
1625;62;19;Seredžiaus;865;410
1626;62;20;Klausučių;889;392
1627;62;21;Gricių;183;98
1628;62;22;Tamošių;376;172
1629;62;23;Veliuonos;934;488
1630;62;24;Skaudvilės;1571;828
1631;62;24;Stakių;281;122
1632;62;25;Adakavo;892;343
1633;62;25;Raudonės;928;410
1634;62;26;Pilies;641;271
1635;62;26;Trepų;419;185
1636;62;27;Skirsnemunės;1130;517
1637;62;27;Vaidilų;601;249
1638;62;28;Dariaus ir Girėno;2636;1297
1639;62;29;Vydūno;2559;1225
1640;62;30;Vytauto Didžiojo;2013;1029
1641;62;31;Naujamiesčio;2453;1185
1642;63;1;Kalvarijos Vakarinė;1795;852
1643;63;1;Kazlų Rūdos;1249;638
1644;63;2;Kalvarijos Rytinė;1826;825
1645;63;2;Pušų;2062;967
1646;63;3;Jungėnų;1141;496
1647;63;3;Mindaugo;1521;719
1648;63;4;Brukų;344;139
1649;63;4;Liepų;539;236
1650;63;5;Bagotosios;527;223
1651;63;5;Sūsninkų;280;145
1652;63;6;Antanavo;642;250
1653;63;6;Mockų;324;137
1654;63;7;Jusevičių;725;363
1655;63;7;Višakio Rūdos;388;207
1656;63;8;Jūrės;638;270
1657;63;8;Sangrūdos;530;280
1658;63;9;Jūrės;383;186
1659;63;9;Radiškės;330;179
1660;63;10;Plutiškių;581;252
1661;63;10;Salaperaugio;344;162
1662;63;11;Ąžuolų Būdos;908;391
1663;63;11;Liubavo;347;171
1664;63;12;Bebruliškės;414;151
1665;63;12;Brazavo;304;124
1666;63;13;Būdos;413;166
1667;63;13;Jurgežerių;325;136
1668;63;14;Jankų;586;294
1669;63;14;Tarprubežių;336;150
1670;63;15;Akmenynų;324;143
1671;63;16;Kampinių;351;163
1672;63;16;Mokolų kaimo;1399;518
1673;63;17;Aistiškių;345;180
1674;63;17;Šunskų;809;316
1675;63;18;Sasnavos;911;394
1676;63;19;Puskelnių;707;301
1677;63;20;Smilgių;463;172
1678;63;21;Baraginės;1263;548
1679;63;22;Patašinės;1150;469
1680;63;23;Igliškėlių;428;153
1681;63;24;Igliaukos;1062;423
1682;63;25;Šventragio;398;186
1683;63;26;Gudelių;612;255
1684;63;27;Daugirdų;263;100
1685;63;28;Daukšių;268;127
1686;63;29;Padovinio;505;182
1687;63;31;Želsvos;1078;456
1688;63;32;Liudvinavo;1487;621
1689;63;33;Netičkampio;955;374
1690;63;34;Valavičių;620;286
1691;63;35;Balsupių;884;406
1692;63;36;Varnupių;202;63
1693;63;38;Meškučių;962;393
1694;63;39;Kūlokų;205;107
1695;63;40;Tautkaičių;289;142
1696;63;41;Gavaltuvos;371;156
1697;64;1;Žiburio;1628;921
1698;64;2;Varpo;2104;1181
1699;64;3;Aušros;1372;736
1700;64;4;Barzdų;481;237
1701;64;5;Baltrušių;378;181
1702;64;6;Būblelių;431;186
1703;64;7;Panovių;504;269
1704;64;8;Gelgaudiškio;2394;1029
1705;64;9;Plokščių;834;394
1706;64;10;Griškabūdžio;888;458
1707;64;11;Degutinės;324;157
1708;64;12;Patašinės;539;231
1709;64;13;Paluobių;480;266
1710;64;16;Kidulių;1572;768
1711;64;17;Voverių;521;222
1712;64;19;Sudargo;828;357
1713;64;20;Kriūkų;969;418
1714;64;21;Gerdžiūnų;699;315
1715;64;22;Lekėčių;1017;494
1716;64;23;Daržininkų;451;194
1717;64;23;Mikytų;374;180
1718;64;24;Lukšių;1612;733
1719;64;25;Liepalotų;642;299
1720;64;25;Sūdavos;1148;431
1721;64;26;Sintautų;557;325
1722;64;27;Veršių;539;257
1723;64;28;Keturnaujienos;397;176
1724;64;29;Žvirgždaičių;530;227
1725;64;30;Slavikų;637;313
1726;64;31;Gotlybiškių;541;217
1727;64;33;Išdagų;543;212
1728;64;34;Giedručių;849;381
1729;64;35;Ritinių;358;156
1730;64;36;Girėnų;967;499
1731;64;37;Briedžių;499;219
1732;64;38;Kudirkos Naumiesčio;1527;798
1733;64;43;Slabadų;267;143
1734;65;1;Angirių;181;100
1735;65;3;Ažytėnų;400;198
1736;65;4;Babtų;1499;839
1737;65;5;Beinaičių;372;207
1738;65;5;Pagynės;692;305
1739;65;6;Panevėžiuko;1075;442
1740;65;7;Čekiškės;893;435
1741;65;8;Liučiūnų;636;298
1742;65;9;Domeikavos;1828;1051
1743;65;9;Josvainių;1542;815
1744;65;10;Neries;1969;1005
1745;65;11;Voškonių;810;394
1746;65;12;Lapių;2463;1152
1747;65;13;Krakių;881;455
1748;65;14;Kunionių;571;276
1749;65;15;Labūnavos;787;447
1750;65;17;Langakių;359;211
1751;65;20;Medėkšių;467;236
1752;65;21;Meironiškio;408;212
1753;65;23;Raudondvario;2380;1329
1754;65;24;Batniavos;1130;579
1755;65;24;Nociūnų;413;218
1756;65;26;Paaluonio;258;148
1757;65;28;Pajieslio;498;214
1758;65;30;Pašušvio;390;207
1759;65;31;Pelėdnagių;1002;575
1760;65;32;Pelutavos;336;179
1761;65;33;Užliedžių;2094;1229
1762;65;34;Pernaravos;390;205
1763;65;34;Vandžiogalos;1414;604
1764;65;35;Padauguvos;362;161
1765;65;36;Saulėtekių;681;302
1766;65;37;Daugėliškių;456;205
1767;65;37;Saviečių;222;96
1768;65;40;Skaistgirių;280;143
1769;65;45;Kulautuvos;1251;790
1770;65;46;Vilkijos;1325;582
1771;65;48;Žalgirio;2202;1157
1772;65;49;Vainikų;429;178
1773;65;50;Mokyklos;998;499
1774;65;51;Saulės;1528;926
1775;65;54;Muniškių;1025;459
1776;66;1;Mastaičių;1299;743
1777;66;2;Pažėrų;709;294
1778;66;13;Juragių;741;318
1779;66;14;Ilgakiemio;1137;551
1780;66;15;Teleičių;2758;1548
1781;66;16;Karmėlavos;2711;1330
1782;66;17;Ramučių;2596;1456
1783;66;18;Neveronių;2693;1375
1784;66;19;Universiteto;1241;717
1785;66;20;Akademijos;1524;1052
1786;66;21;Ringaudų;3271;1854
1787;66;26;Nemuno;841;333
1788;66;28;Šlienavos;1864;813
1789;66;29;Girionių;1948;921
1790;66;30;Taurakiemio;1560;772
1791;66;38;Zapyškio;1457;767
1792;66;39;Altoniškių;732;321
1793;66;40;Ežerėlio;1498;740
1794;66;41;Garliavos;1854;1010
1795;66;42;Liepų;2067;1168
1796;66;43;Jonučių;1526;803
1797;66;44;Kačerginės;640;399
1798;66;47;Linksmakalnio;569;296
1799;66;49;Meno mokyklos;1770;998
1800;66;52;Bibliotekos;1661;909
1801;66;53;S. Lozoraičio;1996;1014
1802;67;1;Birštono m.;2458;1406
1803;67;1;Dariaus ir Girėno;2753;1465
1804;67;2;Birštono vienkiemio;1211;671
1805;67;2;J.Basanavičiaus;1992;1058
1806;67;3;Kęstučio;1367;704
1807;67;3;Nemajūnų;533;267
1808;67;4;Statybininkų;2483;1308
1809;67;5;Žemaitkiemio;375;169
1810;67;6;Šiauliškių;612;254
1811;67;7;Išlaužo;781;385
1812;67;8;Naujosios Ūtos;413;212
1813;67;9;Jiestrakio;466;224
1814;67;10;Klebiškio;450;197
1815;67;11;Šilavoto;586;250
1816;67;13;Skriaudžių;1077;452
1817;67;14;Juodbūdžio;536;239
1818;67;15;Veiverių;1593;811
1819;67;16;Balbieriškio miestelio;865;463
1820;67;17;Jiezno miesto;1025;556
1821;67;18;Jiezno kaimiškoji;746;383
1822;67;19;Kašonių;669;308
1823;67;20;Vėžionių;308;156
1824;67;21;Ašmintos;613;259
1825;67;22;Strielčių;776;393
1826;67;23;Balbieriškio kaimiškoji;759;304
1827;67;24;Paprūdžių;604;314
1828;67;25;Žiūronių;291;121
1829;67;29;Pakuonio;907;492
1830;67;30;Purvininkų;229;101
1831;67;31;Vyšniūnų;713;385
1832;67;32;Užuguosčio;359;175
1833;67;33;Pieštuvėnų;523;168
1834;67;34;Stakliškių;817;373
1835;68;1;Vilkaviškio  rytų;2517;1359
1836;68;2;Vilkaviškio pietų;2441;1300
1837;68;3;Vilkaviškio vakarų;1984;1051
1838;68;4;Vilkaviškio šiaurės;3033;1604
1839;68;5;Kybartų rytų;2346;1001
1840;68;6;Kybartų vakarų;2249;993
1841;68;7;Virbalio;947;469
1842;68;8;Rimavičių;153;69
1843;68;9;Bartninkų;543;211
1844;68;10;Lakštučių;573;242
1845;68;11;Pašeimenių;381;163
1846;68;12;Piliakalnių;307;123
1847;68;13;Gižų;662;331
1848;68;14;Bačkiškių;440;219
1849;68;15;Karklinių;659;240
1850;68;16;Keturvalakių;380;186
1851;68;17;Gudkaimio;630;262
1852;68;18;Lauckaimio;333;130
1853;68;19;Matlaukio;655;341
1854;68;20;Šiaudiniškių;338;143
1855;68;21;Vilkupių;160;104
1856;68;22;Virbalio kaimiškoji;630;277
1857;68;24;Klausučių;624;299
1858;68;26;Karalkrėslio;481;166
1859;68;27;Pajevonio;807;342
1860;68;28;Alksnėnų;413;160
1861;68;29;Opšrūtų;286;105
1862;68;30;Paežerių;637;236
1863;68;31;Pilviškių;2216;931
1864;68;32;Ramoniškių;413;204
1865;68;33;Alvito;1235;620
1866;68;34;Giedrių;1016;502
1867;68;35;Klampučių;394;206
1868;68;36;Serdokų;278;149
1869;68;37;Uosių;608;291
1870;68;38;Gražiškių;807;292
1871;68;39;Girėnų;389;145
1872;68;40;Vištyčio;615;341
1873;68;41;Vartų;202;78
1874;68;42;Pūstapėdžių;551;256
1875;68;44;Stirniškių;642;310
1876;69;2;Praniūnų;766;388
1877;69;3;Genių;384;185
1878;69;4;Miklusėnų;1299;718
1879;69;5;Santaikos;1144;592
1880;69;6;Kolegijos;3165;1664
1881;69;6;Luksnėnų;633;354
1882;69;8;Geištarų;1278;587
1883;69;9;Miroslavo;1354;612
1884;69;12;Parėčėnų;431;219
1885;69;12;Putinų;2132;1077
1886;69;13;Papėčių;144;108
1887;69;13;Šaltinių;2226;1103
1888;69;14;Kumečių;516;262
1889;69;14;Ūdrijos;1317;503
1890;69;15;Alytaus dujų ūkio;1669;842
1891;69;15;Vankiškių;491;248
1892;69;16;Pramonės;1482;584
1893;69;16;Simno;1426;735
1894;69;17;Mergalaukio;454;222
1895;69;18;Kalesninkų;392;179
1896;69;19;Kavalčiukų;253;156
1897;69;20;Ąžuolinių;419;211
1898;69;21;Verebiejų;465;231
1899;69;22;Gluosninkų;170;58
1900;69;23;Krokialaukio;867;454
1901;69;24;Ūdrijos;582;286
1902;69;25;Santaikos;528;252
1903;69;26;Punios;633;354
1904;69;27;Raižių;279;151
1905;69;28;Vaisodžių;917;396
1906;69;29;Žagarių;233;120
1907;69;30;Butrimonių;1039;528
1908;69;31;Vanagėlių;259;126
1909;69;32;Eičiūnų;558;297
1910;69;33;Pivašiūnų;499;319
1911;69;34;Mikalavo;202;124
1912;69;35;Junčionių;213;128
1913;69;36;Jurgelionių;411;177
1914;69;37;Kedonių;171;108
1915;69;38;Daugų;1784;945
1916;69;39;Rodžios;85;46
1917;69;40;Vaikantonių;448;204
1918;69;41;Rimėnų;359;144
1919;69;42;Meškučių;116;50
1920;69;43;Pocelonių;189;84
1921;69;44;Alytaus;777;321
1922;69;45;Venciūnų;937;443
1923;69;46;Alovės;718;356
1924;69;47;Ilgų;272;119
1925;69;48;Makniūnų;424;221
1926;69;49;Ryliškių;364;205
1927;69;50;Nemunaičio;1044;463
1928;70;1;Puodžių;488;215
1929;70;2;Žilinų;571;282
1930;70;3;Dubičių;548;266
1931;70;4;Panočių;547;226
1932;70;5;Kabelių;285;148
1933;70;6;Marcinkonių;548;305
1934;70;7;Margionių;233;126
1935;70;8;Puvočių;120;75
1936;70;9;Žiūrų;122;65
1937;70;10;Butrimonių;826;449
1938;70;10;Krūminių;476;174
1939;70;11;Jančiūnų;451;275
1940;70;11;Matuizų;1285;594
1941;70;12;Eišiškių;2309;1219
1942;70;13;Gudakiemio;239;76
1943;70;13;Jurzdikos;634;368
1944;70;14;Gornostajiškių;678;331
1945;70;14;Kibyšių;292;143
1946;70;15;Kalesninkų;1019;571
1947;70;15;Merkinės;1387;742
1948;70;16;Panaros;247;110
1949;70;16;Purvėnų;698;403
1950;70;17;Dainavos;759;468
1951;70;17;Vilkiautinio;416;206
1952;70;18;Pabarės;728;472
1953;70;18;Pilvingių;387;185
1954;70;19;Tetėnų;449;239
1955;70;24;Daržininkų;214;73
1956;70;25;Dargužių;306;167
1957;70;26;Valkininkų;805;412
1958;70;27;Pušelės;593;275
1959;70;28;Gudžių;417;210
1960;70;29;Nedzingės;269;145
1961;70;30;Perlojos;576;291
1962;70;31;Sarapiniškių;297;162
1963;70;32;Tolkūnų;391;174
1964;70;33;Krivilių;430;199
1965;70;34;Vydenių;768;346
1966;70;35;Dailidžių;333;183
1967;70;35;Rudnios;277;150
1968;70;36;Parko;2840;1399
1969;70;37;Dzūkų;2243;1087
1970;70;37;Tausiūnų;225;148
1971;70;38;Šilo;2689;1436
1972;70;39;Senosios Varėnos;1083;516
1973;71;1;Avižienių;670;414
1974;71;1;Senamiesčio;1631;846
1975;71;2;Bartelių;177;103
1976;71;2;Naujamiesčio;1474;881
1977;71;3;Atgimimo;1949;1202
1978;71;3;Bugiedos;98;57
1979;71;4;Būdviečio;324;150
1980;71;4;Kloniškių;2085;934
1981;71;5;Dumblio;420;184
1982;71;5;Kalviškės;3203;1709
1983;71;6;Eglės;1571;817
1984;71;6;Kapčiamiesčio;862;447
1985;71;7;A.Kirsnos;576;273
1986;71;7;Ratnyčios;1155;591
1987;71;8;Grūto;263;129
1988;71;8;Kirsnos;375;189
1989;71;9;Krikštonių;345;192
1990;71;9;Švendubrės;320;163
1991;71;10;Krosnos;795;390
1992;71;10;Viečiūnų;1447;647
1993;71;11;Kuklių;500;233
1994;71;11;Neravų;926;462
1995;71;12;Kučiūnų;658;318
1996;71;12;Leipalingio;1890;868
1997;71;13;Lipliūnų;193;99
1998;71;13;Vytautų;301;146
1999;71;14;Lazdijų;4598;2388
2000;71;14;Ricielių;932;395
2001;71;15;Metelių;283;137
2002;71;16;Nemajūnų;311;148
2003;71;17;Noragėlių;301;141
2004;71;18;Petroškų;233;88
2005;71;19;Rudaminos;446;216
2006;71;20;Seiliūnų;330;158
2007;71;21;Seirijų;1291;760
2008;71;22;Stebulių;361;187
2009;71;23;Šeštokų;1040;445
2010;71;24;Šventežerio;814;406
2011;71;25;Teizų;533;265
2012;71;26;Verstaminų;372;195
2013;71;27;Veisiejų;2001;1024
2014;71;28;Viktarinos;341;173
2015;71;29;Žagarių;269;147
2016;71;33;Varnėnų;345;160
