minor_gid,major_id,minor_id,minor_name,registered_voters,votes
658252,69,17,Gulbynės,3528,1102
658254,33,1,Geležių,512,205
658256,33,9,Krekenavos,1806,685
658258,54,23,Viesų,178,88
658260,69,13,Šaltinių,1997,854
658262,2,452,Lietuvių namų,2054,743
658264,16,77,Buitininkų,3993,1691
658270,10,468,Karklėnų,2999,1086
658272,35,4,Laisvės,2543,1157
658274,33,44,Skaistgirių,371,133
658276,42,40,Lenkelių,151,65
658278,54,3,Balninkų,317,162
658280,6,256,Musninkų,3324,1532
658282,59,7,Beižionių,255,157
658284,3,120,Antavilių,2888,1651
658286,61,15,Siesikų,1100,419
658288,61,37,Želvos,865,393
658290,33,42,Molainių,1083,621
658292,62,2,Smalininkų,1029,446
658294,54,17,Družų,438,155
658296,70,6,Kapčiamiesčio,1051,457
658298,70,11,Kuklių,448,191
658300,70,23,Šeštokų,871,353
658302,14,8,Baltų,3799,1817
658304,4,153,Prekybininkų,2864,1370
658306,37,41,M. Tiškevičiūtės,1702,728
658308,13,307,Žemynos,4028,1988
658310,31,31,Dituvos,3161,947
658312,33,5,Piniavos,1734,803
658314,14,9,Baltijos,3548,1754
658316,36,33,Gindulių,1926,906
658318,31,4,Gargždų,2077,1024
658320,48,19,Skverbų,403,167
658322,23,25,Šilojų,3532,1824
658324,58,10,Ismonių,237,107
658326,64,26,Sintautų,504,260
658328,46,9,Gaižaičių,361,136
658330,13,204,Gabijos,4158,2143
658332,16,84,Nepriklausomybės,2005,914
658334,4,158,Kazliškių,2083,1053
658338,40,29,Žarėnų,774,266
658340,69,37,Dzūkų,2025,875
658342,48,24,Žaidelių,322,136
658344,59,20,Stabintiškių,549,220
658346,30,4,A. Matučio,2425,944
658348,30,9,Statybininkų,1453,588
658350,11,464,Užusienio,1136,482
658352,7,303,Justiniškių,3934,1821
658354,68,25,Sūdavos,1033,337
658356,64,37,Briedžių,444,209
658358,6,260,Žygimanto Augusto,2581,1266
658360,64,3,Mindaugo,1325,583
658366,23,18,Šatrijos,1134,476
658368,50,35,Suvainiškio,190,79
658370,54,16,Alekniškio,205,113
658372,31,8,Daukšaičių,324,118
658378,65,55,Drąseikių,1126,447
658380,65,56,Įgulos,1552,861
658382,66,57,Sąnašos,2029,1075
658384,16,58,Pelenių,1283,441
658386,16,60,Pabiržio,1450,633
658388,65,63,Vijūkų,2543,1303
658390,39,9,Ylakių,1017,405
658392,30,19,Jotvingių,2292,851
658396,40,32,Vembūtų,379,152
658398,35,24,Nausodžio,1562,665
658400,5,213,S. Nėries,4017,1794
658402,16,59,Ąžuolų,1441,717
658404,66,61,Tabariškių,1970,1013
658406,65,62,Dvaro,1441,836
658410,10,472,Džiaugsmo,3258,1855
658412,67,16,Balbieriškio miestelio,1050,415
658414,30,22,Jaunimo,2182,927
658416,30,21,Volungės,3213,1423
658418,30,8,Naujoji,1635,623
658420,41,14,Kražių,733,333
658422,42,34,Lyduvėnų,244,107
658424,58,6,Balceriškių,1280,436
658426,49,29,Nevėžio,536,223
658428,42,10,Paupio,209,85
658430,69,18,Pilvingių,322,111
658432,71,68,Ambasada Pietų Afrikos Respublikoje,30,17
658434,71,69,Generalinis konsulatas Los Andžele,897,732
658436,32,28,Katyčių,540,203
658438,54,24,Verbiškių,345,154
658440,62,20,Klausučių,784,284
658442,64,1,Žiburio,1461,670
658444,4,155,Moksleivių,2769,1189
658446,35,32,Truikių,725,339
658448,33,21,Sujėtų,268,116
658450,33,23,Uliūnų,567,190
658452,30,7,Dzūkijos,1526,594
658474,69,1,Puodžių,483,193
658476,43,16,Lančiūnavos,531,231
658642,26,15,S. Šalkauskio,2441,1159
658644,26,21,Šimšės,3048,1423
658646,26,25,K. Donelaičio,1513,728
658648,26,30,Gegužių,2485,1070
658650,68,32,Ramoniškių,370,174
658652,68,35,Klampučių,338,123
658654,68,44,Stirniškių,530,220
658656,24,36,Debreceno,2330,849
658658,24,39,Žilvičio,1506,621
658660,47,7,Švobiškio,399,149
658662,33,6,Bernatonių,1283,596
658664,47,14,Pajiešmenių,675,294
658666,47,17,Ustukių,752,329
658668,47,20,Jurgėnų,463,198
658670,33,20,Smilgių,542,256
658672,47,23,Pušaloto,644,266
658674,47,26,Kiemėnų,273,113
658676,47,30,Žadeikonių,152,80
658678,47,33,Nairių,298,132
658680,59,14,Jagėlonių,294,125
658682,38,2,Senamieščio,2753,1329
658684,39,36,Kapėnų,349,103
658686,50,29,Kairelių,230,106
658688,50,31,Aleksandravėlės,142,64
658690,50,41,Stoties,691,295
658692,43,5,Beinaičių,322,123
658694,12,202,Mokyklos,4257,2628
658696,5,210,P. Žadeikos,2031,1056
658698,3,101,Filaretų,2591,1542
658700,65,4,Babtų,1304,644
658702,65,10,Neries,1807,840
658704,65,33,Užliedžių,1816,872
658706,65,46,Vilkijos,1291,528
658708,52,3,Sedulinos,930,266
658710,52,7,Orbitos,760,179
658712,52,11,Bangos,1003,352
658714,52,15,Ąžuoliuko,1045,231
658716,30,11,Sporto,1952,831
658718,35,2,Dariaus ir Girėno,1476,605
658720,35,7,A. Vaišvilos,2258,899
658722,35,15,Glaudžių,809,343
658724,3,121,Dvarčionių,2798,1529
658726,47,3,Kalno,2297,1168
658728,25,36,Dainų,2184,1028
658730,45,40,Romuvos,3370,1463
658732,57,22,Marijampolio,1213,631
658734,22,13,Strėvos,2809,954
658736,22,43,Rambyno,2696,1076
658738,22,52,Baltijos,1607,557
658740,41,27,Gimnazijos,1721,808
658742,32,32,Kivylių,373,138
658744,35,18,Kontaučių,517,238
658746,35,30,Stanelių,554,203
658748,35,35,Žlibinų,568,264
658750,30,14,Ūdrijos,1202,373
658752,63,14,Kumečių,424,174
658756,69,40,Vaikantonių,360,159
658758,69,49,Ryliškių,291,159
658760,21,48,Vakarų,3586,1430
658762,60,2,Juodmenos,2474,1053
658764,60,18,Čičinų,783,311
658766,71,60,Ambasada Rusijos Federacijoje,144,115
658768,71,12,Ambasada Danijos Karalystėje,2132,1742
658770,71,26,Ambasada Kinijos Liaudies Respublikoje,53,44
658772,71,34,Ambasada Rumunijoje,52,47
658774,71,50,Ambasada Ispanijos Karalystėje,515,404
658776,40,5,Muziejaus,2080,917
658778,40,10,P. Cvirkos,2301,1107
658780,53,23,Prienų,258,128
658782,71,53,Generalinis konsulatas Čikagoje,1804,1229
658784,34,7,Laisvės,2781,1159
658786,34,11,Lauksargių,994,362
658790,34,18,Norkaičių,647,275
658792,34,21,Lomių,372,161
658794,34,23,Juodpetrių,864,244
658796,14,18,Apuolės,1061,533
658798,19,22,Žagarės,2120,1042
658802,19,27,J. Dobkevičiaus,4361,2023
658804,28,7,J. Balčikonio,1981,1037
658806,24,26,Brigantinos,1704,657
658808,24,32,Dainavos,2699,1060
658810,57,15,Pakenės,817,430
658812,55,1,Avižienių,2918,1645
658814,55,14,Geisiškių,622,383
658816,55,53,Bukiškio,2957,1845
658818,68,43,Slabadų,195,89
658820,17,89,Specialistų,2506,1063
658822,17,99,Knygnešių,2499,1172
658824,29,3,Laikštės,1926,948
658826,28,4,Vienybės,2229,912
658828,28,25,Ukmergės,2238,924
658830,28,10,Menų mokyklos,2563,983
658832,7,351,Tujų,2879,1357
658834,8,359,D. Gerbutavičiaus,2122,1002
658836,1,3,Saltoniškių,2973,1879
658838,1,10,Taurakalnio,1701,1098
658840,51,24,Vaikutėnų,454,232
658842,34,24,Skaudvilės,1342,631
658844,62,32,Eičių,281,95
658846,34,34,Dauglaukio,416,186
658848,63,26,Gudelių,492,215
658850,32,12,Jonaičių,432,192
658852,32,36,Liepų,1035,490
658854,37,16,Šauklių,386,160
658856,43,53,Beržų,300,119
658858,45,42,Gytarių,3007,1371
658860,32,27,Inkaklių,547,215
658862,32,30,Bikavėnų,305,118
658864,32,31,Gorainių,269,115
659164,63,20,Ąžuolinių,355,160
659166,67,27,Raižių,239,115
659168,69,50,Nemunaičio,946,411
659170,17,116,Buriuotojų,4137,1642
659172,18,122,Rokų,2813,1343
659174,69,6,Marcinkonių,625,303
659176,69,14,Kibyšių,232,109
659178,69,16,Panaros,208,70
659180,69,26,Valkininkų,681,323
659182,69,30,Perlojos,519,289
659184,69,35,Rudnios,209,103
659186,69,39,Senosios Varėnos,1020,458
659190,37,2,Vilniaus,1802,804
659192,37,15,Mosėdžio,1431,571
659194,39,23,Šačių,473,181
659196,39,16,Plinkšių,566,182
659198,39,23,Dagių,205,68
659200,39,30,Bugenių,959,376
659202,66,52,Bibliotekos,1506,716
659204,33,16,Liberiškio,500,166
659206,33,27,Staniūnų,1941,871
659208,49,35,Liūdynės,549,262
659210,33,37,Pažagienių,677,322
659212,42,3,Centro,1834,649
659214,42,9,Viduklės,1889,589
659216,42,16,Gėluvos,366,191
659220,71,61,Generalinis konsulatas Sankt-Peterburge,92,85
659222,47,19,Mažeikonių,752,319
659224,46,38,Žeimelio,788,311
659226,47,35,Šukionių,302,116
659228,29,5,Uosupio,2100,962
659230,29,9,Šaulių,2183,975
659232,29,13,Armino,912,481
659234,42,4,Pramonės,2349,978
659236,42,7,Sujainių,947,334
659238,42,13,Kryžkalnio,409,129
659240,42,21,Paliepių,336,133
659242,42,24,Požėčių,232,104
659244,42,27,Berteškių,350,149
659246,42,30,Kaulakių,499,177
659248,42,33,Šiluvos,646,284
659250,42,39,Norgėlų,524,238
659252,42,42,Bebirvos,132,61
659254,42,44,Gervinės,147,74
659256,63,24,Igliaukos,960,399
659286,63,36,Varnupių,191,58
659288,63,40,Tautkaičių,617,202
659290,50,40,Panemunio,268,119
659292,18,31,Piliakalnio,2638,1243
659294,35,5,Pelaičių,619,238
659296,35,8,Tverų,996,356
659298,35,21,Milašaičių,304,137
659300,39,12,Kruopių,497,271
659302,15,68,Statybininkų,3655,1683
659304,15,69,Rasos,1822,915
659306,15,72,P. Lukšio,3507,1807
659308,17,38,Varpo,3320,1859
659310,18,105,Sodų,3479,1379
659312,26,28,Tilžės,3386,1269
659314,42,19,Verėduvos,368,147
659316,42,29,Steponkaimio,127,59
659318,42,37,Ramonų,359,161
659320,71,51,Konsulatas Valensijoje,593,438
659322,33,22,Perekšlių,453,178
659324,19,126,Tirkiliškių,2704,1513
659326,43,11,Kaplių,215,110
659328,38,8,Naftininkų,3306,1456
659330,45,19,Šiupylių,312,115
659332,45,23,Smilgių,243,87
659334,45,30,Micaičių,715,302
659336,45,34,Drąsučių,1078,317
659338,45,39,Šakynos,574,161
659340,42,43,Alėjų,178,90
659342,41,2,Balsių,906,393
659344,41,5,Bytlaukio,379,160
659346,32,8,Ramučių,176,57
659348,41,9,Girdiškės,190,86
659350,34,12,Jucaičių,341,143
659352,41,16,Obelyno,615,237
659354,41,19,Požerės,341,141
659356,41,24,Žadeikių,595,234
659358,32,33,Vainuto,713,316
659360,11,408,Vilkpėdės,2228,850
659362,9,413,Bukčių,4262,2488
659364,32,39,Naumiesčio kaimiškoji,857,336
659366,27,15,Žvaigždžių,3635,1753
659368,27,20,Klaipėdos,2119,874
659370,27,23,Kniaudiškių,3814,1764
659372,34,5,Aerodromo,3039,1346
659374,34,28,Batakių,739,272
659376,7,252,Viršuliškių,2555,1195
659378,6,258,Šeškinės,2115,1035
659380,58,12,Vievio,3733,1669
659382,46,34,Jurdaičių,368,92
659384,58,21,Rykantų,1355,544
659386,1,51,Dailės,1799,1107
659388,6,57,Senvagės,3368,1619
659390,71,43,Ambasada Vengrijoje,57,51
659392,71,30,Ambasada Nyderlandų Karalystėje,1633,1298
659394,42,17,Dainavos,212,93
659396,18,30,Julijanavos,2103,983
659398,19,125,Kazliškių,1134,594
659400,15,66,Šiaurės,3337,1681
659402,23,5,Eglės,1539,670
659404,23,8,Šviesos,2583,1279
659406,22,11,Saulutės,4136,1516
659408,23,17,Saulėtekio,2137,991
659410,54,10,Girsteitiškio,223,124
659412,54,21,Suginčių,476,249
659414,47,3,Degesių,277,119
659416,46,5,Draudelių,132,59
659418,47,11,Klovainių,622,309
659420,46,20,Mikniūnų,211,80
659422,46,26,Pašvitinio,466,219
659424,46,34,Sosdvario,96,47
659426,61,3,Maironio,1662,843
659428,61,6,Kęstučio,1779,759
659430,61,9,Kauno,1937,707
659432,61,13,Pivonijos,2163,870
659434,39,20,Kalniškių,182,79
659436,61,19,Balelių,267,145
659438,61,22,Rečionių,899,421
659440,61,33,Krikštėnų,273,151
659442,50,18,Lukštų,242,118
659444,34,12,Kęsčių,280,113
659446,62,1,Pagėgių,1538,695
659448,32,1,Mokyklos,1957,745
659450,39,1,Senamiesčio,1379,645
659452,39,4,Ramučių,1305,565
659454,39,8,Daubiškių,503,195
659456,39,11,Kivylių,409,202
659458,39,17,Luokavos,452,224
659460,1,65,A. Vienuolio,1685,994
659462,52,8,Biržūnų,196,95
659464,52,13,Magučių,418,135
659466,52,21,Užtiltės,960,418
659468,58,40,Salkininkų,389,134
659470,10,116,Liepkalnio,3942,1594
659472,50,4,J. Tūbelio,2399,1162
659474,50,10,Žiobiškio,436,197
659476,50,16,Juodupės kaimiškoji,878,313
659478,50,23,Aukštakalnių,263,124
659480,71,20,Ambasada Japonijoje,563,449
659482,39,37,Palnosų,702,314
659484,44,25,Pašiaušės,169,63
659486,41,27,Pašilės,237,93
659488,41,28,Pavėžupio,195,83
659490,41,29,Petrališkės,354,170
659492,41,30,Stulgių,309,123
659494,41,32,Šaukėnų,858,285
659496,44,33,Šedbarų,308,117
659498,44,34,Durpyno,711,254
659500,44,35,Tytuvėnų,1296,572
659502,41,37,Vaiguvos,417,156
659504,31,11,Veiviržėnų,1138,511
659506,31,12,Girininkų,468,172
659508,31,13,Lapių,551,233
659510,31,14,Tilvikų,196,75
659512,31,15,Vėžaičių,2375,1008
659514,31,16,Priekulės,2260,959
659516,31,17,Agluonėnų,965,416
659518,31,18,Dovilų,2991,1170
659520,31,19,Ketvergių,1784,690
659522,31,20,Šiūparių,655,252
659524,55,37,Pikeliškių,2001,1046
659526,57,25,Galgių,1656,828
659528,57,26,Medininkų,934,529
659530,55,29,Kabiškių,842,377
659532,57,42,Senasalio,362,157
659534,57,43,Savičiūnų,577,333
659536,55,51,Nemenčinės,2177,984
659538,55,52,Neries,1869,876
659540,57,55,Rakonių,854,410
659542,56,8,Baltosios Vokės,1273,449
659544,56,9,Pagirių,3100,1335
659546,56,10,Keturiasdešimties Totorių,1228,394
659548,58,8,Daugirdiškių,296,107
659550,58,9,Kazokiškių,394,165
659552,58,10,Pastrėvio,567,258
659554,59,1,Draugystės,2085,898
659556,59,2,Saulės,4019,1829
659558,59,3,Sodų,1955,906
659560,59,4,Versmės,2108,894
659562,59,13,Gilučių,406,195
659564,59,15,Kietaviškių,857,385
659566,52,1,Antalieptės,510,198
659568,52,17,Smalvų,204,73
659570,52,18,Turmanto,767,259
659572,52,19,Dusetų,857,350
659574,52,20,Sadūnų,207,81
659576,52,22,Zarasų rytų,2546,1047
659578,52,23,Zarasų vakarų,1552,495
659580,52,24,Zarasų šiaurės,1592,754
659586,53,3,Ceikinių,418,189
659588,53,4,Didžiasalio,900,325
659590,53,17,Mielagėnų,649,332
659592,40,6,Šviesos,1759,835
659594,40,7,Kalno,507,233
659596,40,8,Kęstučio,1352,579
659598,40,9,Sedos,1669,673
659600,40,11,Degaičių,780,329
659602,40,30,Ryškėnų,1974,666
659604,40,31,Viešvėnų,782,303
659606,40,33,Rainių,919,323
659608,40,26,Janapolės,542,174
659610,40,27,Pavandenės,444,160
659612,40,28,Varnių,1750,659
659614,58,1,Lentvario,2540,901
659616,58,2,Klevų,2744,818
659618,58,30,Senojo Tarpupio,303,154
659620,58,31,Senųjų Trakų,1601,726
659622,58,32,Šventininkų,474,280
659624,58,43,Lauko,2447,1003
659626,58,3,Trakų m.,2328,1324
659628,58,33,Bražuolės,817,305
659630,58,42,Bagdononių,294,101
659632,58,35,Jovariškių,323,142
659634,58,34,Žaizdrių,904,431
659636,61,1,S. Daukanto,1421,650
659638,61,2,Anykščių,1231,614
659640,61,4,J. Basanavičiaus,1477,679
659642,61,10,Smėlių,1303,525
659644,61,11,Krekšlių,2491,1124
659646,61,14,Pašilės,761,401
659648,61,18,Taujėnų,884,427
659652,61,21,Vidiškių,1266,492
659654,61,24,Dainavos,604,231
659656,41,1,Šilalės,2311,1105
659658,41,3,Bijotų,547,205
659660,34,17,Pajūrio,1012,417
659662,41,18,Pajūralio,699,266
659664,41,20,Šiauduvos,615,284
659666,41,22,Traksėdžio,841,344
659668,41,23,Upynos,702,333
659670,41,26,Palentinio,204,87
659672,32,2,Žalgirio,2212,991
659674,32,3,Martyno Jankaus,1441,654
659676,32,19,Žemaitkiemio,248,91
659678,32,35,Lietuvininkų,745,339
659680,32,7,Gardamo,741,303
659682,32,9,Šylių,386,161
659684,32,14,Pašyšių,848,227
659686,32,26,Švėkšnos,1764,780
659690,53,22,Strigališkio,506,252
659692,53,23,Šiūlėnų,239,118
659694,71,46,Ambasada Indijos Respublikoje,12,9
659696,25,4,J. Basanavičiaus,2352,960
659698,25,10,Parko,1461,785
659700,70,10,Viečiūnų,1561,614
659702,70,14,Ricielių,857,304
659704,21,49,Aukuro,3002,1166
659706,21,57,Budelkiemio,3486,1236
659708,40,18,Ubiškės,930,339
659710,40,12,Eigirdžių,733,308
659712,48,3,Antašavos,483,217
659714,48,7,Kratiškių,438,211
659716,48,10,Rinkuškių,1383,567
659718,48,14,Kirdonių,613,251
659720,48,18,Juostaviečių,319,151
659722,48,23,Papilio,393,176
659724,60,22,Žeimių,845,325
659726,61,25,Upninkų,1000,301
659728,60,27,Šveicarijos,1973,811
659730,48,26,Užušilių,336,147
659732,48,30,Ramongalių,271,104
659734,53,11,Stanislavavo,210,105
659736,37,19,Erlėnų,305,138
659738,37,22,Kalniškių,255,124
659740,37,34,Dupulčių,857,410
659742,37,38,Valėnų,216,86
659744,37,5,S. Daukanto,1981,783
659746,37,8,Darbėnų,1402,585
659748,37,11,Kumpikų,232,98
659750,37,15,Piliakalnio,311,130
659752,37,20,Kalnalio,188,73
659754,15,64,Aukuro,3619,1890
659756,37,24,Dvaro,1170,499
659758,36,28,Vydmantų,1952,913
659762,4,151,Žirmūnų,2244,1142
659764,67,31,Vanagėlių,222,81
659766,16,79,Pramonės,2227,927
659768,16,85,Vytauto,3163,1326
659770,56,27,Tabariškių,423,249
659772,53,6,Pašaminės,505,254
659774,44,12,Kiaunorių,224,78
659776,41,18,Lupikų,566,201
659778,41,24,Pakražančio,600,259
659780,41,26,Pašilėnų,279,154
659782,41,31,Šaltenių,317,155
659784,41,36,Užvenčio,1154,437
659786,48,9,Obelaukių,710,343
659788,48,17,Salamiesčio,505,211
659790,12,200,Balsių,3518,2281
659792,18,118,Pušų,2639,1119
659794,56,18,Pabarės,616,391
659796,67,23,Balbieriškio kaimiškoji,596,205
659798,16,88,V. Krėvės,2139,884
659800,17,93,Butrimonių,2072,991
659802,17,101,Palemono,3419,1397
659804,69,4,Panočių,408,143
659806,56,12,Eišiškių,2034,895
659808,71,8,Ambasada Belgijos Karalystėje,1651,1465
659810,39,5,Agluonų,362,159
659812,39,19,Ventos,1371,614
659814,36,9,Lazdininkų,341,154
659816,39,10,Gulbinų,779,353
659818,40,17,Nerimdaičių,252,104
659820,42,28,Ilgižių,368,162
659822,43,23,Miegėnų,406,171
659824,44,21,Pavartyčių,558,263
659826,44,27,Kudirkos,2740,1384
659828,45,36,Sauginių,357,175
659830,49,10,Debeikių,1063,420
659832,50,22,Kamajų,531,223
659834,51,7,Basanavičiaus,1163,486
659836,52,11,Suvieko,323,171
659838,52,12,Auksinio gaidelio,1033,303
659842,54,8,Gelvonų,704,290
659844,56,7,Tribonių,269,135
659846,56,32,Jurgelionių,233,119
659848,57,11,Grigaičių,1320,645
659850,58,5,Ausieniškių,1116,415
659852,58,23,Onuškio,816,369
659854,58,41,Birutės,1794,965
659856,60,19,Kulvos,503,209
659858,64,2,Pušų,1833,654
659860,64,14,Jankų,533,242
659862,63,33,Netičkampio,1033,445
659864,67,36,Jurgelionių,398,186
659866,69,45,Venciūnų,974,397
659868,1,67,V. Šopeno,2303,1302
659870,20,33,Tekstilininkų,1747,959
659872,20,110,Breslaujos,3266,1622
659874,21,47,Versmės,3432,1324
659876,28,2,Rožių,3910,1937
659878,33,12,Naujarodžių,358,128
659880,49,26,Raguvos,911,413
659882,32,22,Kintų,1320,467
659884,34,21,Tenenių,380,149
659886,56,19,Tetėnų,407,173
659888,69,32,Tolkūnų,361,156
659890,48,4,Saulės,2039,1013
659892,48,15,Pabiržės,764,319
659894,48,31,Šukionių,220,125
659896,71,1,Ambasada Airijoje,2662,2169
659898,71,3,Ambasada Armėnijos Respublikoje,11,9
659900,71,25,Generalinis konsulatas Almatoje,30,27
659902,41,19,Maironių,487,163
659904,71,5,Ambasada Austrijos Respublikoje,367,317
659906,71,6,Ambasada Azerbaidžano Respublikoje,12,12
659908,71,48,Ambasada Baltarusijos Respublikoje,62,54
659910,71,49,Generalinis konsulatas Gardine,21,19
659912,71,11,Ambasada Čekijos Respublikoje,115,100
659914,71,13,Ambasada Egipto Arabų Respublikoje,23,17
659916,71,14,Ambasada Estijos Respublikoje,185,166
659918,71,15,Ambasada Graikijos Respublikoje,221,162
659920,71,16,Ambasada Gruzijoje,72,65
659922,71,18,Ambasada Italijos Respublikoje,615,494
659924,71,54,Generalinis konsulatas Niujorke,1136,910
659926,71,52,Ambasada Jungtinėse Amerikos Valstijose,266,218
659928,71,55,Ambasada Jungtinėje Karalystėje,14738,11993
659930,71,56,Ambasada Kanadoje,378,330
659934,71,24,Ambasada Kazachstano Respublikoje,14,11
659936,71,27,Ambasada Latvijos Respublikoje,229,193
659938,71,59,Konsulatas Seinuose,55,54
659940,71,58,Ambasada Lenkijos Respublikoje,288,246
659942,71,29,Ambasada Moldovos Respublikoje,17,15
659944,71,31,Ambasada Norvegijos Karalystėje,4001,3292
659946,71,33,Ambasada Prancūzijos Respublikoje,797,672
659948,71,62,Generalinis konsulatas Kaliningrade,170,132
659950,71,63,Konsulatas Sovetske,33,30
659952,71,37,Ambasada Suomijos Respublikoje,302,259
659954,71,38,Ambasada Švedijos Karalystėje,1537,1325
659956,71,40,Ambasada Turkijos Respublikoje,83,69
659958,71,41,Ambasada Ukrainoje,160,131
659960,71,64,Ambasada Vokietijos Federacinėje Respublikoje,3479,2975
659964,15,60,Versmės,2791,1261
659966,45,3,Vijolių,1015,576
659968,45,10,Gilvyčių,377,109
659970,46,15,Žadžiūnų,389,144
659972,18,106,Šančių,2347,1147
659974,18,117,Vaidoto,2563,1023
659976,57,16,Kalvelių,1565,728
659978,69,31,Sarapiniškių,253,135
659980,38,11,Kalnėnų,3225,1239
659982,44,10,Grinkiškio,1130,403
659984,44,13,Karčemų,823,335
659986,44,14,Kutiškių,706,286
659988,62,2,Panemunės,230,89
659990,62,3,Kentrių,196,81
659992,62,4,Natkiškių,613,310
659994,62,5,Pagėgių kaimiškoji,591,252
659996,62,6,Piktupėnų,479,177
659998,62,7,Stoniškių,1037,406
660000,62,8,Šilgalių,490,187
660002,62,9,Rambyno,810,373
660004,62,10,Vilkyškių,682,313
660006,62,11,Žukų,507,198
660008,47,1,Balsių,642,296
660010,46,2,Bardiškių,403,135
660012,47,4,Degučių,224,121
660014,47,21,Medikonių,282,129
660016,47,23,Naujamiesčio,2561,1300
660018,47,24,Pakruojo,1726,821
660020,46,25,Pamūšio,251,108
660024,47,28,Preičiūnų,205,110
660026,47,30,Plaučiškių,267,134
660028,46,31,Rimkūnų,152,66
660030,47,32,Rozalimo,730,345
660032,47,33,Stačiūnų,265,116
660034,46,36,Triškonių,310,96
660036,33,24,Ramygalos,1819,841
660038,33,25,Daniūnų,304,115
660040,49,27,Šilų,254,122
660042,49,28,Miežiškių,601,293
660044,49,30,Trakiškio,782,339
660046,33,32,Šilagalio,603,302
660048,49,33,Dembavos,2330,1257
660050,49,36,Katinų,531,187
660052,33,31,Paežerio,950,534
660054,47,1,Joniškėlio,917,454
660056,47,2,P. Vileišio,2058,1075
660058,47,4,Vilniaus,1710,893
660060,47,5,Daujėnų,488,244
660062,47,6,Girsūdų,446,180
660064,47,8,Norgėlų,208,80
660066,47,25,Deglėnų,151,80
660068,47,27,Namišių,371,200
660070,47,29,Saločių,870,320
660072,47,31,Žilpamūšio,372,166
660074,47,32,Grūžių,351,133
660076,47,34,Tetirvinų,513,249
660078,35,1,Birutės,1721,616
660080,35,17,Karklėnų,624,209
660082,35,19,Kulių,877,435
660084,35,23,Narvaišių,591,244
660086,35,26,Platelių,1190,532
660088,35,29,Stalgėnų,451,207
660090,35,31,Šateikių,902,296
660092,35,34,Žemaičių Kalvarijos,1018,381
660094,67,17,Jiezno miesto,947,469
660096,67,18,Jiezno kaimiškoji,602,257
660098,67,19,Kašonių,530,276
660100,67,20,Vėžionių,260,119
660102,67,21,Ašmintos,491,201
660104,67,22,Strielčių,749,290
660106,67,24,Paprūdžių,510,221
660108,67,29,Pakuonio,898,377
660110,67,31,Vyšniūnų,614,290
660112,67,32,Užuguosčio,295,187
660114,67,33,Pieštuvėnų,440,186
660116,67,34,Stakliškių,702,355
660118,44,17,Pakiršinio,762,309
660120,44,18,Palonų,367,118
660122,44,20,Pašušvio,585,239
660124,44,22,Pociūnų,364,162
660126,44,23,Pociūnėlių,478,174
660128,44,25,Vaižganto,2647,1067
660130,37,10,Kašučių,374,169
660132,37,12,Grūšlaukės,412,179
660134,37,13,Mančių,110,45
660136,36,14,Laukžemės,381,137
660138,37,16,Žvainių,368,160
660140,37,17,Laivių,328,114
660142,37,18,Juodupėnų,262,102
660144,37,36,Rubulių,509,202
660146,37,37,Jokūbavo,358,177
660148,37,39,Leliūnų,163,80
660150,48,2,Alizavos,458,195
660152,48,4,Aukštupėnų,664,325
660154,48,7,Račiupėnų,2257,1039
660156,48,8,Kupos,1598,760
660158,48,9,Senamiesčio,1573,699
660160,48,15,Paketurių,506,224
660162,50,23,Virbališkių,241,109
660164,50,21,Šepetos,892,313
660166,50,22,Šimonių,464,208
660168,64,1,Kazlų Rūdos,1108,465
660170,64,4,Liepų,498,232
660172,64,5,Bagotosios,501,174
660174,64,6,Antanavo,556,195
660176,64,7,Višakio Rūdos,333,144
660178,64,8,Jūrės,581,211
660180,64,9,Jūrės,333,130
660182,64,10,Plutiškių,502,198
660184,64,11,Ąžuolų Būdos,825,371
660186,70,14,Lazdijų,1628,727
660188,70,15,Metelių,248,128
660192,70,17,Noragėlių,238,88
660194,70,19,Rudaminos,366,186
660196,70,20,Seiliūnų,263,105
660198,70,21,Seirijų,1286,585
660200,70,22,Stebulių,290,122
660202,70,24,Šventežerio,695,298
660204,70,25,Teizų,438,168
660206,70,27,Veisiejų,2044,881
660208,39,24,Renavo,414,157
660210,39,25,Pikelių,486,168
660214,39,27,Ukrinų,466,198
660216,39,28,Židikų,697,266
660218,38,29,Urvikių,365,179
660220,38,32,Purvėnų,460,159
660222,38,33,Laižuvos,384,147
660228,38,1,M. Račkausko,2248,975
660230,39,38,Viekšnių,2602,999
660232,54,1,Alantos,731,341
660234,54,4,Bekupės,378,153
660236,54,5,Bijutiškio,296,113
660238,54,6,Čiulėnų,766,358
660240,54,7,Dapkūniškių,218,110
660242,54,8,Dubingių,409,186
660244,54,9,Giedraičių,836,397
660246,54,11,Inturkės,722,286
660248,54,12,Joniškio,969,293
660250,54,13,Miežonių,308,126
660252,54,14,Levaniškių,366,179
660254,54,15,Luokesos,1126,443
660256,54,16,Mindūnų,446,227
660258,54,17,Siesarties,2566,1221
660260,54,19,Naujasodžio,622,275
660262,54,20,Skudutiškio,350,165
660264,44,7,Daugėlaičių,587,178
660266,54,22,Videniškių,553,249
660268,54,23,Vorėnų,264,116
660270,47,6,Dvariškių,261,106
660272,47,7,Gačionių,203,95
660276,47,9,Guostagalio,672,197
660278,46,10,Grikpėdžių,254,115
660282,47,13,Kauksnųjų,142,48
660284,47,14,Laipuškių,161,64
660286,47,15,Linksmučių,248,130
660288,46,16,Linkuvos,1652,564
660290,47,17,Linų,316,113
660292,46,37,Ūdekų,274,110
660294,47,39,Žvirblonių,269,125
660296,33,11,Žibartonių,708,278
660298,33,13,Linkaučių,303,116
660300,33,14,Upytės,565,278
660302,50,26,Salų,299,166
660304,33,15,Ėriškių,509,230
660306,33,17,Berniūnų,501,204
660308,33,18,Naujamiesčio,1197,517
660310,33,19,Gustonių,505,199
660312,49,38,Vadoklių,775,318
660314,49,39,Jotainių,634,290
660316,33,2,Tiltagalių,606,251
660318,33,3,Karsakiškio,629,260
660320,33,7,Paįstrio,1300,496
660322,47,9,Meškalaukio,424,167
660324,47,10,Nakiškių,508,217
660326,47,11,Narteikių,391,173
660328,47,12,Krinčino,588,226
660330,47,15,Papyvesių,642,305
660332,47,16,Talačkonių,432,190
660334,47,18,Valakėlių,335,158
660336,47,19,Pumpėnų,819,330
660338,47,21,Kriklinių,334,157
660340,35,3,A.Jucio,2837,1230
660342,35,5,V. Mačernio,2507,1074
660344,35,6,Senamiesčio,1655,713
660346,35,8,Aleksandravo,344,154
660348,35,9,Alsėdžių,932,387
660350,35,11,Didvyčių,408,169
660352,35,12,Gegrėnų,459,186
660354,35,14,Gintališkės,333,132
660356,35,16,Grumblių,391,164
660358,35,37,Prūsalių,1123,420
660360,67,1,Dariaus ir Girėno,2490,1218
660362,67,2,J.Basanavičiaus,2233,1046
660364,65,51,Saulės,1718,904
660366,67,3,Kęstučio,1137,481
660368,67,4,Statybininkų,1914,890
660370,67,5,Žemaitkiemio,376,165
660372,67,7,Išlaužo,1286,520
660374,67,8,Naujosios Ūtos,372,152
660376,67,9,Jiestrakio,371,172
660378,67,10,Klebiškio,594,214
660380,67,11,Šilavoto,565,195
660382,67,13,Skriaudžių,1092,386
660384,67,14,Juodbūdžio,470,207
660386,67,15,Veiverių,1558,755
660388,44,2,Alksniupių,698,296
660390,43,29,Parko,1045,447
660392,43,48,Truskavos,399,183
660394,43,50,Vilainių,1066,569
660396,43,51,Žemaitės,1842,786
660398,43,52,Akademijos,542,309
660400,43,54,Dotnuvėlės,855,409
660402,42,1,Angirių,138,67
660404,42,3,Ažytėnų,308,150
660406,42,9,Josvainių,1385,632
660408,42,13,Krakių,771,342
660410,42,14,Kunionių,448,172
660412,42,40,Skaistgirių,254,118
660414,42,49,Vainikų,341,138
660416,44,1,Budraičių,271,122
660418,41,2,Butkiškės,210,98
660420,41,3,Dubėnų,313,123
660422,41,4,Gailių,312,97
660424,41,6,Janaučių,602,245
660426,41,7,Junkilų,357,121
660428,41,8,Karklėnų,402,189
660430,41,9,Centro,2599,1061
660432,41,10,A.Mackevičiaus,2837,1145
660434,41,11,Kalno,2011,878
660436,41,13,Kolainių,332,113
660438,41,15,Kukečių,704,277
660440,41,16,Laugalio,237,119
660442,41,17,Liolių,716,257
660444,41,20,Minupių,235,108
660446,44,21,Mockaičių,274,146
660448,41,23,Pakėvio,295,117
660450,41,38,Valpainių,351,129
660452,52,20,Rimšės,458,186
660454,41,39,Verpenos,450,161
660456,41,40,Vidsodžio,403,142
660458,41,41,Žalpių,263,119
660460,31,1,Gargždų,4174,1688
660462,31,2,Gargždų,3806,2050
660464,31,3,Gargždų,2285,1189
660466,31,5,Endriejavo,1023,423
660468,42,15,Šarkių,322,107
660470,42,18,Butkiškės,433,193
660472,61,26,Lyduokių,389,198
660474,51,3,Aušros,2099,1016
660476,51,4,Dauniškio,1831,819
660478,51,5,Vyturių,1485,616
660480,51,6,Centro,921,437
660482,51,8,Ąžuolijos,2100,1089
660484,51,9,Krašuonos,2216,1070
660486,53,24,Švedriškės,194,84
660488,53,26,Tverečiaus,397,199
660490,53,27,Vidiškių,962,376
660492,60,1,Rimkų,3014,1171
660494,60,3,Kregždutės,2687,1084
660496,60,23,Panoterių,475,186
660498,60,24,Šilų,1126,407
660500,60,26,Užusalių,2064,817
660502,46,4,Žagarės,1645,570
660504,46,7,Daunoriškės,275,116
660506,46,8,Daukšių,293,130
660508,46,11,Gataučių,487,174
660510,46,12,Kalnelio,490,190
660512,46,17,Linkaičių,299,125
660514,46,18,Maldenių,309,103
660516,46,20,Rudiškių,552,201
660518,46,22,Skaistgirio,1125,346
660520,46,23,Stungių,294,128
660522,46,24,Stupurų,273,104
660524,46,1,Žemaičių,2633,1212
660526,46,2,Livonijos,2651,1324
660528,46,3,V.Kudirkos,2501,1118
660530,46,5,Bariūnų,417,173
660532,46,27,Blauzdžiūnų,109,48
660534,42,20,Milašaičių,281,115
660536,42,22,Pramedžiavos,442,154
660538,42,23,Girkalnio,820,309
660540,42,25,Grajauskų,144,58
660542,42,26,Betygalos,439,188
660544,42,31,Skirmantiškės,305,129
660546,50,2,Senamiesčio,2346,1098
660548,50,3,Mikrorajono,1613,797
660550,50,5,Respublikos,2444,1157
660552,50,6,Bajorų,759,396
660554,50,7,Čedasų,167,81
660556,50,8,Kavoliškio,1350,609
660558,50,9,Skemų,652,227
660560,50,11,Kazliškio,388,193
660562,50,12,Konstantinavos,128,73
660564,50,13,Obelių,778,324
660566,50,14,Pandėlio,1274,572
660568,50,15,Juodupės,1374,639
660572,50,34,Obelių,923,377
660574,50,37,Sriubiškių,229,109
660576,50,38,Lailūnų,248,110
660578,20,52,L. Karsavino,3266,1856
660580,35,1,Daugėdų,314,161
660582,35,3,Labardžių,267,112
660584,39,11,Vižančių,325,91
660586,39,12,Pašilės,527,175
660588,37,14,Lenkimų,720,229
660590,39,17,Notėnų,296,115
660592,62,4,Rotulių,546,256
660594,62,5,Žindaičių,511,173
660596,63,28,Daukšių,217,79
660598,39,18,Šliktinės,437,130
660600,37,19,Daukšių,470,167
660602,37,20,D. Rūšupių,736,240
660604,37,21,Luknės,314,120
660606,37,22,M. Rūšupių,343,145
660608,39,24,Rukų,356,130
660610,34,17,Dapkiškių,494,227
660612,34,19,Pagramančio,551,226
660614,34,20,Mažonų,740,285
660616,34,22,Šakviečio,296,92
660618,60,20,Juškonių,330,104
660620,34,29,Eidintų,364,132
660622,62,30,Gaurės,598,220
660624,34,31,Kunigiškių,512,199
660626,62,33,Baltrušaičių,513,224
660628,34,35,Drąslaukio,540,227
660630,40,13,Buožėnų,1018,378
660632,40,14,Gedrimų,365,121
660634,40,15,Nevarėnų,655,296
660636,40,16,Mitkaičių,257,99
660638,40,19,Tryškių,1114,487
660640,40,20,Kaunatavos,543,183
660642,40,21,Upynos,490,177
660644,40,22,Kirklių,300,81
660646,40,23,Luokės,733,273
660648,40,24,Viekšnalių,279,111
660650,40,25,Kuršų,329,96
660652,58,11,Tiltų,290,127
660654,58,12,Rūdiškių,2008,698
660656,58,13,Šklėrių,427,161
660658,58,14,Aukštadvario,1141,625
660660,58,15,Čižiūnų,360,148
660662,58,17,Grendavės,479,235
660664,58,22,Dusmenų,300,130
660666,58,24,Vaickūniškių,284,155
660668,58,25,Paluknio,998,467
660670,58,27,Bijūnų,361,168
660672,44,44,Eibariškių,2511,1121
660674,42,1,Prabaudos,2207,921
660676,42,2,Stonų,2215,809
660678,42,5,Kalnujų,418,167
660680,42,6,Pašaltuonio,191,76
660682,42,8,Slabados,354,139
660684,42,11,Pryšmančių,530,160
660686,42,12,Nemakščių,1008,369
660688,42,14,Ariogalos,1355,582
660690,42,32,Vosiliškio,338,119
660692,31,21,Dauparų,1527,731
660694,31,22,Kvietinių,826,350
660696,36,23,Girkalių,604,280
660698,37,7,Salantų,1187,483
660700,44,3,Aukštelkų,1086,432
660702,44,4,Baisogalos,1795,830
660704,44,5,Beinoravos,359,154
660706,62,17,Juodaičių,300,150
660708,62,18,Armeniškių,308,133
660710,62,19,Seredžiaus,711,275
660712,62,22,Tamošių,448,170
660714,62,23,Veliuonos,772,399
660716,62,24,Stakių,430,154
660718,54,10,Bartkuškio,426,180
660720,54,11,Šiaulių,403,170
660722,54,12,Medžiukų,669,261
660724,54,13,Kernavės,376,192
660726,54,14,Musninkų,639,317
660728,54,15,Vileikiškių,309,135
660730,54,18,Motiejūnų,293,144
660732,54,19,Širvintų kaimiškoji,670,333
660734,54,20,Anciūnų,283,127
660736,54,21,Kiauklių,180,124
660738,54,22,Šešuolėlių,462,208
660740,45,12,Bazilionų,694,280
660742,46,13,Kairių,1880,821
660744,46,14,Šilėnų,453,171
660746,46,16,Meškuičių,1014,430
660748,46,17,Naisių,638,296
660750,46,18,Gruzdžių,1295,487
660752,45,20,Kužių,1591,630
660754,45,21,Gilaičių,261,124
660756,45,22,Verbūnų,534,207
660758,45,24,L. Ivinskio,2159,950
660760,45,38,Dirvonėnų,418,152
660762,45,40,Žarėnų,383,142
660764,62,1,Viešvilės,756,291
660766,62,3,Jurbarkų,1332,501
660768,63,17,Šunskų,762,276
660770,63,18,Sasnavos,922,341
660772,63,19,Puskelnių,789,365
660776,63,21,Baraginės,1223,466
660778,63,22,Patašinės,1071,449
660780,63,23,Igliškėlių,367,145
660782,63,25,Šventragio,339,157
660784,63,27,Daugirdų,206,73
660786,63,29,Padovinio,489,178
660788,63,31,Želsvos,941,353
660790,63,32,Liudvinavo,1654,674
660792,63,34,Valavičių,558,244
660794,63,35,Balsupių,800,298
660796,63,38,Meškučių,934,414
660798,62,6,Eržvilko,497,188
660800,62,7,Pašaltuonio,293,143
660802,62,8,Lybiškių,456,177
660804,62,9,Kartupių,355,135
660806,62,10,Rutkiškių,272,113
660808,62,11,Pavidaujo,322,97
660810,62,25,Raudonės,791,296
660812,62,26,Pilies,527,203
660814,62,27,Skirsnemunės,1003,438
660816,62,28,Dariaus ir Girėno,2278,1007
660818,62,29,Vydūno,2411,1024
660820,62,30,Vytauto Didžiojo,1583,751
660822,62,31,Naujamiesčio,2565,1040
660824,42,35,Katauskių,425,170
660826,42,36,Žaiginio,448,188
660828,42,38,Gruzdiškės,464,226
660830,42,41,Gabšių,424,190
660832,42,45,Melioratorių,1274,550
660834,42,46,Didžiulių,275,133
660836,50,1,J. Tumo-Vaižganto,1880,946
660838,50,19,Jūžintų,706,300
660840,50,20,Laibgalių,546,245
660842,50,21,Sėlynės,259,138
660844,50,24,Duokiškio,189,103
660846,50,25,Kalvių,293,144
660848,50,27,Kriaunų,421,159
660850,50,28,Lašų,274,112
660852,50,30,Pakriaunių,182,81
660854,35,6,Rietavo,1614,745
660856,35,7,Sauslaukio,1264,577
660858,37,1,Skuodo,1909,839
660860,37,3,Laisvės,1676,641
660862,39,4,Aleksandrijos,543,193
660864,39,5,Kaukolikų,366,138
660866,39,6,Gėsalų,273,102
660868,39,7,Barstyčių,658,222
660870,39,10,Trumplaukės,352,126
660872,34,1,Prezidento,2314,950
660874,34,2,J. Tumo-Vaižganto,3358,1368
660876,34,3,Tauragės,1085,527
660878,34,4,Dariaus ir Girėno,2254,979
660880,34,6,Moksleivių,2814,1188
660882,34,10,Taurų,1772,664
660884,34,13,Sartininkų,521,167
660886,34,14,Žygaičių,824,272
660888,34,16,Aukštupių,340,158
660890,34,25,Adakavo,817,236
660892,34,26,Trepų,371,179
660894,34,27,Vaidilų,466,152
660896,40,1,Lygumų,2458,974
660898,40,2,Masčio,3039,1277
660900,40,3,Respublikos,1436,682
660902,40,4,Žemaitės,3054,1136
660904,37,3,J. Pabrėžos,1861,802
660906,37,4,Vytauto,1810,777
660908,37,6,Kretingos,1933,888
660910,37,21,Kartenos,1075,507
660912,37,23,Kurmaičių,677,224
660914,37,25,Padvarių,316,133
660916,36,26,Kretingsodžio,1223,486
660918,36,27,Rūdaičių,702,317
660920,37,29,Kūlupėnų,1057,485
660922,37,30,Nasrėnų,160,87
660924,37,31,Baublių,498,186
660926,37,32,Budrių,238,101
660928,37,35,Raguviškių,331,154
660930,50,1,Adomynės,385,182
660932,50,5,Biliūnų,177,68
660934,50,6,Juodpėnų,247,122
660936,50,10,Laičių,198,92
660938,48,11,Lukonių,371,151
660940,50,12,Migonių,148,74
660942,50,13,Naivių,285,122
660944,50,14,Noriūnų,1140,406
660946,50,16,Rudilių,377,113
660948,50,18,Skapiškio,574,252
660950,48,20,Subačiaus,782,432
660952,64,12,Bebruliškės,360,120
660954,64,13,Būdos,330,128
660956,70,1,Avižienių,600,275
660958,70,2,Bartelių,169,73
660962,70,4,Būdviečio,298,112
660964,70,5,Dumblio,359,148
660966,70,7,A. Kirsnos,493,188
660968,70,8,Kirsnos,298,141
660970,70,9,Krikštonių,275,143
660972,70,10,Krosnos,688,252
660974,70,12,Kučiūnų,563,242
660980,70,33,Varnėnų,361,133
660982,39,13,Sedos,1525,647
660984,39,14,Žemalės,465,164
660986,39,15,Šerkšnėnų,460,202
660988,39,17,Tirkšlių,2090,837
660990,39,18,Balėnų,660,170
660992,39,19,Užlieknės,419,152
660994,38,20,Buknaičių,340,155
660996,38,21,Leckavos,303,107
660998,38,22,Auksūdžio,334,137
661000,38,4,Gabijos,3039,1239
661002,38,6,Reivyčių,2243,989
661004,38,7,Pavasario,3421,1459
661006,38,9,Pavenčių,2061,810
661008,38,10,Sodų,3157,1271
661010,38,12,Ventos,3484,1218
661012,38,31,Krakių,845,289
661014,58,11,Semeliškių,631,274
661016,1,6,Vytauto,2765,1627
661018,1,7,Birutės,1963,1277
661020,1,8,Pamėnkalnio,1979,1300
661022,2,12,S. Konarskio,3357,1934
661024,1,13,Mindaugo,2291,1357
661026,2,15,Vytenio,2786,1778
661028,2,16,Žemaitės,3344,1697
661030,2,17,Algirdo,3864,2100
661032,2,457,Naujininkų,3067,1087
661034,2,458,Brolių,2629,854
661038,1,52,Užupio,2678,1701
661040,6,54,A. Juozapavičiaus,3210,1754
661042,5,55,Didlaukio,2769,1414
661044,6,56,Licėjaus,3883,1824
661046,6,59,Konstitucijos,3407,1762
661048,1,60,Senamiesčio,1881,1276
661050,1,62,Naugarduko,3129,1930
661052,1,66,M. Daukšos,2494,1304
661054,12,203,Baltupių,4146,2253
661056,3,102,Olandų,1616,1021
661058,3,104,L. Sapiegos,2862,1839
661060,3,105,Šilo,3751,2326
661062,3,107,Antakalnio,2937,1634
661064,3,109,Švyturio,3382,1882
661066,3,111,B. Sruogos,4164,2716
661068,3,112,Saulėtekio,1892,1338
661070,10,115,Markučių,3447,1493
661072,12,201,Popieriaus,3638,1823
661074,12,24,Muitininkų,2894,2150
661076,4,152,Kareivių,1797,902
661078,58,44,Kilimų,1744,770
661080,66,20,Akademijos,1868,1255
661082,66,21,Ringaudų,2368,1393
661084,66,26,Nemuno,780,347
661086,66,28,Šlienavos,2270,875
661088,66,29,Girionių,1775,854
661090,66,30,Taurakiemio,1536,652
661092,66,38,Zapyškio,1479,741
661094,43,8,Gudžiūnų,423,207
661096,43,10,Kalnaberžės,346,176
661098,43,12,Keleriškių,781,337
661100,43,18,Liaudies,3074,1423
661102,43,19,Mantviliškio,275,94
661104,43,22,Naujoji,1729,782
661106,43,25,Okainių,313,115
661108,43,27,Pagirių,382,179
661110,69,24,Daržininkų,177,66
661112,69,25,Dargužių,282,167
661114,69,27,Pušelės,525,280
661116,69,28,Gudžių,350,169
661118,69,29,Nedzingės,245,96
661120,69,34,Vydenių,680,291
661122,69,36,Parko,2508,1148
661124,68,9,Bartninkų,495,154
661126,68,11,Pašeimenių,330,129
661128,68,12,Piliakalnių,254,91
661130,68,13,Gižų,731,313
661132,68,14,Bačkiškių,391,157
661134,68,15,Karklinių,583,241
661136,68,16,Keturvalakių,335,145
661138,68,17,Gudkaimio,545,233
661140,68,18,Lauckaimio,266,89
661142,68,20,Šiaudiniškių,265,98
661144,68,21,Vilkupių,143,53
661146,68,38,Gražiškių,666,217
661148,68,39,Girėnų,325,130
661150,68,40,Vištyčio,490,249
661152,68,41,Vartų,174,47
661154,68,42,Pūstapėdžių,487,183
661156,31,6,Judrėnų,519,195
661158,31,7,Žadeikių,244,106
661160,31,9,Pėžaičių,546,202
661162,31,10,Šalpėnų,328,123
661164,36,24,Kretingalės,1233,487
661166,36,25,Plikių,791,350
661168,31,26,Drevernos,541,235
661170,36,27,Kalotės,1740,847
661172,31,28,Venckų,518,207
661174,36,29,Jakų,1249,627
661176,37,1,Parko,1678,865
661178,37,2,M. Daujoto,1901,902
661180,56,23,Rūdninkų,472,263
661182,4,154,Miestelio,2046,944
661184,4,156,Raitininkų,2400,1515
661186,4,157,Sporto,2446,1316
661188,4,159,Rinktinės,1921,1039
661190,4,160,Tuskulėnų,2810,1493
661192,4,162,Minties,2954,1408
661198,4,166,Kalvarijų,3163,1615
661200,5,205,Fabijoniškių,4421,2135
661202,5,206,Jovaro,3451,1641
661204,5,207,S. Stanevičiaus,3384,1717
661206,51,10,Daugailių,454,204
661208,51,12,Juknėnų,170,71
661210,51,13,Kuktiškių,630,291
661212,51,14,Leliūnų,553,319
661214,51,15,Antalgės,957,395
661216,51,16,Pakalnių,881,395
661218,51,17,Saldutiškio,462,223
661220,64,2,Varpo,1872,936
661222,64,3,Aušros,1204,571
661224,64,4,Barzdų,405,189
661226,64,5,Baltrušių,304,123
661228,64,6,Būblelių,315,128
661230,64,7,Panovių,416,186
661232,64,8,Gelgaudiškio,2160,836
661234,64,9,Plokščių,709,253
661236,64,10,Griškabūdžio,1263,462
661238,64,11,Degutinės,247,90
661242,64,16,Kidulių,1311,495
661244,64,17,Voverių,432,153
661246,65,54,Muniškių,1094,495
661248,64,33,Išdagų,452,152
661250,64,34,Giedručių,765,337
661252,64,35,Ritinių,345,132
661254,64,36,Girėnų,835,400
661256,64,38,Kudirkos Naumiesčio,1304,523
661258,56,1,Šalčininkų,2152,926
661260,56,2,Centrinė miesto,2304,1078
661262,56,3,Parko,1610,542
661264,56,4,Šalčininkėlių,791,286
661266,56,5,Zavišonių,589,235
661268,56,6,Gerviškių,377,201
661270,56,29,Poškonių,575,324
661272,56,30,Dieveniškių,908,489
661274,56,31,Krakūnų,151,103
661276,56,33,Milkūnų,313,171
661278,56,34,Baušių,400,153
661280,56,11,Jančiūnų,354,193
661282,56,13,Jurzdikos,567,290
661284,56,14,Gornostajiškių,603,277
661286,53,12,Šventos,371,199
661290,53,14,Svirkų,654,253
661292,53,15,Adutiškio,797,384
661294,53,19,Švenčionių,1846,876
661296,53,20,Liepų,1973,825
661298,53,21,Cirkliškio,707,317
661300,53,26,Pavoverės,636,239
661302,53,27,Sarių,338,184
661304,53,28,Strūnaičio,432,219
661306,53,29,Vidutinės,524,186
661308,53,1,Švenčionėlių,2221,1032
661310,41,4,Bilionių,323,159
661312,34,7,Didkiemio,234,121
661314,41,8,Gineikių,340,138
661316,41,10,Iždonų,225,111
661318,34,11,Jomantų,538,182
661320,41,13,Kaltinėnų,1046,419
661322,41,14,Kvėdarnos,1907,824
661324,41,15,Laukuvos,1421,561
661326,32,4,Politechnikos,1720,672
661328,32,5,Tilžės,2295,891
661330,32,6,Rusnės,1233,540
661332,32,10,Pagrynių,1727,651
661334,32,11,Traksėdžių,1187,401
661336,32,13,Juknaičių,1218,412
661338,32,21,Saugų,1255,428
661340,32,23,Vilkyčių,1058,307
661342,32,29,Usėnų,948,299
661344,66,53,S. Lozoraičio,1711,749
661346,32,16,Grabupių,645,232
661348,32,17,Macikų,780,243
661350,32,18,Naujakurių,1914,779
661352,39,24,Naujamiesčio,913,550
661354,61,28,Pabaisko,732,283
661356,61,32,Antakalnio,390,151
661358,61,34,Laičių,497,213
661360,61,35,Veprių,881,411
661362,41,25,Ligoninės,985,496
661364,51,1,Aukštakalnio,1837,853
661366,51,2,Taikos,2296,1112
661368,51,18,Kirdeikių,251,152
661370,51,19,Sudeikių,568,258
661372,51,20,Sirutėnų,544,284
661374,51,21,Tauragnų,993,503
661376,51,23,Biliakiemio,651,269
661378,51,25,Užpalių,905,469
661380,51,26,Kaniukų,286,156
661382,51,27,Vilučių,163,85
661384,51,28,Vyžuonų,948,458
661386,51,30,Naujasodžio,1919,951
661388,64,19,Sudargo,677,254
661390,64,20,Kriūkų,795,330
661392,64,21,Gerdžiūnų,588,231
661394,64,22,Lekėčių,863,397
661396,64,23,Mikytų,341,137
661398,64,24,Lukšių,1373,517
661400,64,25,Liepalotų,549,217
661402,64,27,Veršių,439,205
661404,64,29,Žvirgždaičių,442,168
661406,64,30,Slavikų,534,200
661408,64,31,Gotlybiškių,449,170
661410,56,8,Sėlų,428,190
661412,56,9,Čiužiakampio,561,311
661414,56,20,Jašiūnų,2298,977
661416,56,21,Geležinkelio,455,215
661418,56,22,Keidžių,311,190
661420,56,24,Baltosios Vokės,1018,668
661422,56,25,Turgelių,986,462
661424,56,26,Skynimų,364,191
661426,56,28,Akmenynės,624,407
661428,56,15,Kalesninkų,865,485
661430,56,16,Purvėnų,641,313
661432,56,17,Dainavos,670,464
661434,56,35,Dailidžių,276,163
661436,56,37,Tausiūnų,187,113
661438,53,7,Reškutėnų,225,131
661440,53,8,Trūdų,580,273
661442,53,9,Zadvarninkų,491,238
661444,53,10,Milkuškų,309,142
661446,53,2,Ateities,2015,959
661448,53,3,Kaltanėnų,369,227
661450,53,17,Pabradės,1549,552
661452,53,18,Kranto,2847,981
661454,53,22,Magūnų,318,143
661456,44,28,Rūmų,2430,936
661458,44,29,Lizdeikos,2629,1083
661460,44,30,Raudondvario,763,299
661462,44,31,Sidabravo,1196,488
661464,44,32,Skėmių,410,194
661466,44,33,Šaukoto,723,293
661468,44,34,Šeduvos,2122,953
661470,44,36,Šiaulėnų,854,317
661472,44,37,Šniūraičių,508,205
661474,44,38,Tyrulių,584,218
661476,44,41,Vėriškių,531,184
661478,32,37,Žemaičių Naumiesčio,1007,506
661480,32,38,Degučių,652,232
661482,32,24,Stubrių,246,138
661484,32,25,Stemplių,151,74
661486,32,34,Pempiškių,101,52
661488,54,1,Širvintų m.,2405,1111
661490,54,2,I. Šeiniaus,2993,1519
661492,54,3,Juodiškių,343,125
661494,54,4,Alionių,348,146
661496,34,9,Melioratorių,1153,496
661498,54,6,Virvyčių,244,119
661500,54,7,Bagaslaviškio,327,168
661502,54,24,Kielių,363,163
661504,45,4,Voveriškių,1049,449
661506,45,5,Gegužių,1066,541
661508,45,6,Aukštelkės,1640,771
661510,46,1,Ginkūnų,3013,1430
661512,45,2,Bridų,1480,658
661514,45,7,Pakapės,700,270
661516,45,9,Bubių,1049,497
661518,45,11,Kurtuvėnų,667,278
661520,45,25,Centro,1057,478
661522,45,26,Gedimino,2347,962
661524,45,27,Pušyno,1433,648
661526,45,28,Pavenčių,1201,526
661528,45,29,Daugėlių,1600,626
661530,45,31,Varputėnų,220,108
661532,45,32,Gergždelių,236,130
661534,45,33,Pakumulšių,367,137
661536,45,35,Romučių,230,88
661538,45,37,Raudėnų,510,208
661540,62,12,Girdžių,615,270
661542,62,13,Vadžgirio,637,222
661544,62,14,Šimkaičių,328,128
661546,62,15,Paulių,265,102
661548,15,70,P. Plechavičiaus,3594,1775
661550,15,71,K. Škirpos,3840,1797
661552,16,78,Partizanų,3064,1391
661554,16,80,Dainavos,3036,1474
661556,15,81,J. Urbšio,2247,1066
661558,16,82,Sartų,2524,1189
661560,16,83,A. Timinskio,2391,1001
661562,16,86,Atžalyno,3291,1465
661564,17,91,Taikos,2159,1059
661566,17,92,Vyturio,2199,1011
661568,17,96,Dujotiekio,2870,1226
661570,17,97,Girstučio,1940,898
661572,1,4,Sėlių,2085,1310
661574,13,214,Pavilnionių,3256,1519
661576,13,215,Bajorų,3407,1788
661578,13,216,J. Baltrušaičio,3003,1644
661580,8,312,Vydūno,3975,2150
661582,54,5,Čiobiškio,389,185
661584,12,53,A. Krutulio,3828,2111
661586,30,1,Amatų,1242,686
661588,30,2,A. Ramanausko-Vanago,1514,790
661590,30,3,Centro,1490,757
661592,30,10,Vilties,1881,692
661594,30,18,Vidzgirio,2861,1149
661596,55,2,Riešės,2389,1577
661598,55,3,Buivydžių,941,677
661600,55,4,Buivydiškių,4217,2547
661602,55,5,Platiniškių,987,567
661604,55,44,Sudervės,2421,1310
661606,55,45,Sužionių,615,342
661608,55,46,Veriškių,571,317
661610,55,47,Skirlėnų,400,255
661612,55,54,Kreivalaužių,838,435
661614,57,7,Bezdonių,2413,1157
661616,57,17,Šumsko,1143,580
661618,57,18,Mostiškių,798,425
661620,57,19,Lavoriškių,1150,643
661622,57,24,Mickūnų,3019,1379
661624,57,12,Kyviškių,1229,548
661626,60,12,Lietavos,2237,965
661628,60,13,Baldininkų,993,440
661630,60,14,Ruklos,1661,456
661632,60,15,Bukonių,575,213
661634,60,16,Liepių,541,185
661636,60,17,Batėgalos,469,168
661638,60,21,Kuigalių,395,125
661640,69,38,Šilo,2402,1151
661642,68,23,Daržininkų,354,161
661644,68,31,Pilviškių,1930,766
661646,68,1,Vilkaviškio rytų,2245,1129
661648,68,2,Vilkaviškio pietų,2332,1140
661650,68,3,Vilkaviškio vakarų,1821,899
661652,68,4,Vilkaviškio šiaurės,2761,1283
661654,68,5,Kybartų rytų,2024,778
661656,68,6,Kybartų vakarų,1805,717
661658,68,7,Virbalio,814,326
661660,68,22,Virbalio kaimiškoji,519,237
661662,68,24,Klausučių,556,246
661664,68,26,Karalkrėslio,409,133
661666,68,27,Pajevonio,630,259
661668,68,28,Alksnėnų,348,120
661670,68,29,Opšrūtų,269,111
661672,68,30,Paežerių,519,197
661674,68,33,Alvito,1083,446
661676,68,34,Giedrių,883,406
661678,68,37,Uosių,593,271
661680,55,6,Čekoniškių,1253,680
661682,55,13,Dūkštų,1058,608
661684,55,20,Maišiagalos,1501,729
661686,55,21,Karvio,925,492
661688,55,30,Rudausių,760,323
661690,55,32,Eitminiškių,714,324
661692,54,33,Paberžės,1702,613
661694,55,34,Glitiškių,573,238
661696,55,35,Visalaukės,498,222
661698,55,36,Didžiosios Riešės,3378,2060
661700,23,60,Molo,973,455
661702,23,62,Jūreivių,292,266
661704,23,63,Prekybos uosto,2668,1078
661706,23,64,S.Daukanto,922,418
661708,22,65,Kuršių,1602,788
661710,23,66,Politechnikos,1361,641
661712,24,21,Klaipėdos Vandens,3752,1424
661714,24,22,Rumpiškių,1395,569
661716,24,23,Aitvaro,2628,1040
661718,24,27,Draugystės,2841,1045
661720,24,29,Švyturio,1791,749
661722,24,33,Aušros,1047,517
661724,24,35,Nykštuko,1894,787
661726,24,37,Gedminų,2338,945
661728,24,38,Vėtrungės,2141,901
661730,57,23,Parudaminio,850,371
661732,57,27,Nemėžio,3718,1559
661734,57,28,Skaidiškių,3767,1297
661736,57,38,Rudaminos,3897,1751
661738,57,39,Kalviškių,872,453
661740,57,40,Valčiūnų,1811,747
661742,71,66,Ambasada Kroatijoje,33,27
661746,57,41,Rukainių,1401,769
661748,56,48,Mažųjų Lygainių,394,205
661750,57,49,Juodšilių,2062,999
661752,50,2,Antazavės,433,205
661754,52,3,Šniukštų,283,117
661756,52,4,Baibių,374,174
661758,52,5,Degučių,321,136
661760,52,6,Avilių,306,125
661762,52,7,Imbrado,436,191
661764,63,8,Geištarų,1077,459
661766,63,9,Miroslavo,1197,522
661768,63,12,Parėčėnų,491,220
661772,63,15,Vankiškių,422,163
661774,63,16,Simno,1213,536
661776,63,17,Mergalaukio,388,144
661778,63,18,Kalesninkų,313,146
661780,67,32,Eičiūnų,463,174
661782,67,33,Pivašiūnų,440,238
661784,67,34,Mikalavo,164,97
661786,67,35,Junčionių,325,157
661790,69,38,Daugų,1864,816
661792,69,39,Rodžios,89,33
661796,69,42,Meškučių,122,61
661798,49,5,Piktagalio,444,223
661800,49,6,Ažuožerių,473,225
661802,49,7,Elmos,948,440
661804,49,8,Burbiškio,542,280
661806,49,9,Šlavėnų,389,160
661808,49,11,Leliūnų,331,166
661810,49,12,Kavarsko,714,343
661812,49,13,Dabužių,207,81
661814,49,14,Janušavos,550,209
661816,49,15,Svirnų,353,147
661818,49,16,Šerių,286,108
661820,49,17,Šovenių,122,66
661822,49,31,Surdegio,297,138
661824,49,32,Nausodės,177,63
661826,49,33,Raguvėlės,337,183
661828,8,370,Kriaučiūnų,415,228
661830,49,34,Levaniškių,257,108
661832,49,35,Traupio,374,165
661834,49,36,Andrioniškio,394,201
661836,49,37,Viešintų,624,295
661838,48,1,Atžalyno,2083,831
661840,48,2,Rotušės,1272,623
661842,48,3,Aušros,2170,1038
661844,48,5,Kaštonų,2415,1114
661846,48,21,Kupreliškio,298,123
661848,48,22,Kvetkų,294,121
661850,48,24,Medeikių,512,199
661852,48,25,Parovėjos,728,313
661854,48,27,Ančiškių,246,96
661856,48,28,Jasiuliškių,254,126
661858,48,29,Meilūnų,312,145
661860,48,32,Vabalninko,816,409
661862,69,2,Žilinų,443,181
661864,69,3,Dubičių,397,137
661866,33,24,Vandentiekio,2245,960
661868,33,26,J.Miltinio,2546,1161
661870,33,28,Beržų,3413,1320
661872,33,29,Ramygalos,1612,715
661874,25,2,Medelyno,4122,2001
661876,25,3,Purienų,1900,844
661878,25,5,M. K. Čiurlionio,1486,743
661880,25,6,V. Kudirkos,1981,925
661882,25,8,Vijolių,2317,1006
661884,25,9,Jovaro,3070,1529
661886,25,11,Varpo,2216,996
661888,26,35,Senojo Bokšto,2330,1014
661890,69,6,Pirmo Alytaus,2952,1492
661892,30,12,Putinų,1846,787
661894,69,16,Pramonės,523,437
661896,67,1,Birštono m.,2408,1414
661898,67,2,Birštono vienkiemio,765,361
661900,67,3,Nemajūnų,653,303
661902,70,1,Senamiesčio,1450,746
661904,70,2,Naujamiesčio,1310,677
661906,70,3,Atgimimo,1590,895
661908,70,4,Kloniškių,1921,753
661910,70,5,Kalviškės,2961,1429
661912,70,6,Eglės,1443,587
661914,44,22,Pagryžuvio,695,288
661916,70,7,Ratnyčios,1127,552
661918,70,8,Grūto,235,112
661920,70,9,Švendubrės,261,109
661922,70,11,Neravų,1014,472
661924,70,12,Leipalingio,1779,712
661926,70,13,Lipliūnų,189,96
661928,29,1,Kvietiškio,2887,1227
661930,29,2,Narto,1881,1020
661932,29,4,Tarpučių,3674,1756
661934,29,6,Mokolų,2827,1302
661936,29,7,Degučių,3018,1395
661938,29,8,Suvalkiečių,1951,778
661940,29,10,Kauno,1903,821
661942,29,11,Dariaus ir Girėno,2321,1129
661944,29,12,Beržų,1757,737
661946,29,15,Centro,1996,872
661948,29,16,Mokolų kaimo,1419,600
661950,66,19,Universiteto,2004,1229
661952,65,23,Raudondvario,1718,982
661954,66,14,Ilgakiemio,850,406
661956,66,15,Teleičių,1925,1059
661958,16,17,Ramučių,1369,798
661960,16,18,Neveronių,1382,637
661962,19,13,Linkuvos,2610,1213
661964,49,34,Velžio,2451,1282
661966,41,6,Biržų Lauko,493,189
661968,68,10,Lakštučių,491,174
661970,68,19,Matlaukio,547,246
661972,68,36,Serdokų,241,114
661974,48,6,Anglininkų,245,117
661976,51,11,Radeikių,411,186
661978,51,22,Pačkėnų,727,343
661980,69,33,Krivilių,359,167
661982,64,13,Paluobių,422,197
661984,64,28,Keturnaujienos,311,143
661986,35,4,Medingėnų,388,159
661988,54,2,Žalvarių,413,183
661990,54,18,Liepų,2457,1150
661992,47,18,Lygumų,546,198
661994,46,22,Mikoliškio,173,69
661996,25,37,Aido,2047,985
661998,25,38,Lyros,2177,983
662000,25,39,Architektų,2023,859
662002,45,41,Šventupio,3646,1605
662004,52,1,Draugystės,1285,405
662006,52,2,Gerosios Vilties,781,241
662008,52,4,Atgimimo,1035,304
662010,52,5,Ateities,1225,334
662012,52,6,Atžalyno,1217,337
662014,52,8,Kosmoso,887,237
662016,52,9,Taikos,1035,321
662018,39,9,Kairiškių,263,97
662020,39,14,Šapnagių,182,73
662022,39,16,Papilės,1256,495
662024,39,18,Sablauskių,355,174
662026,39,15,Pavenčio,1307,476
662028,67,2,Mikutiškių,754,339
662030,63,19,Kavalčiukų,168,71
662032,63,21,Verebiejų,511,187
662034,63,23,Krokialaukio,706,312
662036,63,24,Ūdrijos,566,243
662038,63,25,Santaikos,444,204
662040,67,26,Punios,534,275
662042,67,28,Vaisodžių,1124,466
662044,67,29,Žagarių,209,109
662046,67,30,Butrimonių,862,404
662048,69,43,Pocelonių,143,90
662050,69,44,Alytaus,976,413
662052,69,46,Alovės,664,338
662054,69,47,Ilgų,249,123
662056,69,48,Makniūnų,338,182
662058,49,1,Senamiesčio,2653,1347
662060,49,2,Janydžių,1390,690
662062,49,3,Ažupiečių,1574,829
662064,49,4,Liudiškių,2430,1085
662066,49,18,Kurklių,417,186
662068,49,19,Kurklių II k.,255,120
662070,49,20,Staškūniškio,363,152
662072,49,21,Katlėrių,292,145
662074,50,42,Panemunėlio,349,176
662076,23,59,Girulių,550,370
662078,49,22,Skiemonių,385,170
662080,49,23,Mačionių,242,125
662082,49,25,Aulelių,313,143
662084,49,26,Svėdasų,1155,584
662086,49,27,Vaitkūnų,232,143
662088,49,28,Troškūnų,1093,422
662090,14,10,Žiemgalių,4824,2383
662092,49,30,Vašuokėnų,149,64
662094,48,8,Nausėdžių,342,145
662096,48,11,Germaniškio,396,157
662098,48,12,Nemunėlio Radviliškio,619,246
662100,48,13,Pučiakalnės,209,79
662102,48,16,Pačeriaukštės,394,119
662104,48,17,Pasvaliečių,399,160
662106,48,19,Kučgalio,257,119
662108,48,20,Skrebiškių,221,106
662110,69,5,Kabelių,338,167
662112,69,8,Puvočių,118,81
662114,69,10,Krūminių,408,151
662116,69,11,Matuizų,1183,477
662118,69,13,Gudakiemio,206,74
662120,69,15,Merkinės,1187,606
662122,69,17,Vilkiautinio,349,173
662124,52,9,Salako,573,268
662126,52,10,Samanių,186,83
662128,52,12,Dimitriškių,514,201
662130,52,15,Štadvilių,517,249
662132,53,5,Dysnos,254,144
662134,52,6,Dūkšto,945,435
662140,53,9,Ignalinos Centro,3196,1574
662142,53,10,Ignalinos,1311,666
662144,52,11,Kaniūkų,332,162
662146,53,12,Kazitiškio,552,246
662148,53,13,Kazokinės,661,292
662150,53,14,Linkmenų,742,390
662152,53,15,Mažėnų,218,105
662154,53,16,Meikštų,229,117
662156,60,4,Bibliotekos,1612,781
662158,60,6,Senamiesčio,2482,1004
662160,60,7,Saulutės,1768,639
662162,60,8,Mokyklos,1322,541
662164,60,9,Ateities,1498,666
662166,60,10,Kalnų,1069,427
662168,60,11,Lakštingalų,1701,870
662170,5,208,Kaimelio,2668,1304
662172,5,209,L. Giros,3193,1813
662174,5,211,Gedvydžių,2866,1487
662176,12,212,Rugių,4299,2509
662178,7,253,Lūžių,2621,1288
662180,7,254,Mokslo,3256,1510
662182,6,255,Čiobiškio,3230,1393
662184,6,257,Dūkštų,2425,1194
662186,6,259,Ukmergės,3204,1465
662188,6,261,Paberžės,2836,1391
662190,5,262,Gelvonų,3736,1817
662192,7,301,Rygos,3521,1599
662194,7,302,Taikos,3843,1915
662196,7,304,M. Biržiškos,3482,1792
662198,7,305,Statybininkų,3028,1374
662200,7,306,Sietuvos,3406,1592
662202,13,308,Medeinos,3391,1537
662204,13,309,Pašilaičių,3432,1935
662206,8,311,Įsruties,4076,2144
662208,8,310,Papilėnų,4179,2152
662210,9,352,Sausio 13-osios,2720,1365
662212,9,353,Bokšto,2935,1393
662214,9,356,L. Asanavičiūtės,2704,1231
662216,9,357,V. Druskio,2404,1095
662218,9,358,R. Jankausko,1818,891
662220,30,20,Topolių,1709,736
662222,30,23,Jurgiškių,2496,1058
662224,30,24,Likiškėlių,3301,1371
662226,30,5,Santaikos,1097,503
662228,63,41,Gavaltuvos,313,126
662230,14,2,Sargėnų,4597,2377
662232,14,3,Vėtrungės,3202,1608
662234,14,4,Rasytės,2987,1499
662236,14,5,Šarkuvos,4255,1953
662238,14,7,Žemaičių,3860,1782
662240,14,11,Milikonių,2282,1162
662242,19,12,Demokratų,1987,930
662244,19,15,Sąjungos,2973,1318
662246,19,16,Dobilo,2848,1187
662248,19,19,Seredžiaus,1336,488
662250,19,21,Veršvų,4480,1934
662252,19,24,Kaniūkų,4100,2103
662254,19,28,Veiverių,1741,714
662256,14,121,Ąžuolo,3312,1598
662258,19,127,Romainių,4836,2681
662260,20,37,A. Mackevičiaus,1041,526
662264,20,40,Radvilėnų,2149,1229
662266,20,42,J. Jablonskio,1737,1119
662268,20,43,Aušros,2156,1169
662270,20,45,Senojo tresto,2775,1465
662274,20,49,Miško,2839,1612
662276,17,94,Studentų,2644,1262
662278,70,26,Verstaminų,323,149
662280,20,50,Jonavos,799,381
662282,17,98,Pašilės,2898,1495
662284,17,111,Nemuno,2093,1023
662286,18,107,Drobės,2238,929
662288,18,108,Skuodo,2343,1081
662290,18,109,Žiburio,3117,1537
662292,17,114,Šilo,3201,1278
662294,18,120,Vičiūnų,2117,1113
662296,18,123,Vaišvydavos,2703,1467
662298,18,29,Birutės,3799,2040
662300,23,1,Gimnazijos,3026,1504
662302,23,4,Danės,1118,597
662304,23,6,Dviračių Treko,2361,1124
662306,23,7,Kretingos,1953,946
662308,22,9,Muzikos Centro,1151,618
662310,22,10,Žaliakalnio,1046,465
662312,23,15,Tauralaukio,3199,1641
662314,23,16,Baltikalnio,1379,589
662316,24,19,Vilties,1581,601
662318,23,20,Pingvinuko,1538,609
662320,20,54,Algirdo,2629,1369
662322,20,56,Purienų,3360,1641
662324,15,58,Žeimenos,4176,2000
662326,20,61,Gerovės,4112,1863
662328,20,63,S. Nėries,4420,2433
662330,15,65,Vaidilutės,1569,789
662332,15,67,S. Žukausko,3532,1660
662334,61,12,Linų,2482,1128
662336,61,23,Deltuvos,1537,605
662338,61,30,Šešuolių,637,276
662340,61,40,Žemaitkiemio,551,245
662342,36,30,Slengių,4459,2045
662344,53,4,Labanoro,245,152
662346,56,10,Butrimonių,709,381
662348,33,4,Paliūniškio,539,263
662350,33,8,Daukniūnų,586,249
662352,47,13,Gulbinėnų,191,80
662354,47,22,Rinkūnų,292,110
662356,47,24,Mikoliškio,483,197
662358,47,28,Raubonių,566,240
662360,47,35,Vaškų,707,295
662362,51,31,Smėlio,1863,684
662364,53,24,Karkažiškės,477,146
662368,24,45,Menų mokyklos,1842,782
662370,21,54,Želmenėlio,2921,1091
662372,21,55,Brožynų,3249,1254
662374,21,56,Laukininkai,3680,1349
662376,21,58,Berželio,3598,1318
662378,21,67,Volungėlės,2414,1023
662380,21,68,Bandužių,3656,1401
662382,22,14,Sulupės,2478,924
662384,22,40,Pamario,3632,1379
662386,22,50,Smiltelės,3222,1299
662388,22,51,Alksnynės,3293,1471
662390,22,1,Kopų,2304,1232
662392,67,4,Miklusėnų,1297,672
662394,63,6,Luksnėnų,1057,468
662396,8,360,Sietyno,2299,1141
662398,8,361,A. P. Kavoliuko,2803,1260
662400,8,362,V. Vaitkaus,2016,1054
662402,8,363,A. J. Povilaičio,2091,1029
662404,8,364,Laisvės,2514,1221
662406,22,2,Smėlio,1456,764
662408,22,3,Pušų,684,375
662410,36,1,Kaštonų,1456,806
662412,36,2,Ateities,3177,1489
662414,36,3,Saulės,4073,2012
662418,36,5,Aikštės,4627,2266
662422,36,7,Jūros,1513,713
662424,28,1,Geležinkelio,3208,1494
662426,28,3,Šiaulių,2631,1062
662428,28,5,Šermukšnių,2766,1157
662430,28,6,V. Žemkalnio,1875,662
662432,28,8,Laisvės,1811,901
662434,28,9,Poliklinikos,2137,972
662436,28,11,Danutės,1907,969
662438,28,12,Tulpių,2521,1083
662440,27,13,Pilėnai,3451,1645
662442,27,14,Nemuno,4290,2008
662444,27,16,Šermuto,3641,1677
662446,27,17,Parko,2561,1069
662448,27,18,Dariaus ir Girėno,2913,1293
662450,27,19,A. Lipniūno,2438,1208
662452,27,21,Žvaigždutės,2609,1134
662454,27,22,Statybininkų,2577,1229
662456,25,13,J. Janonio,2583,1173
662458,25,18,Kražių,1925,844
662460,25,24,Ragainės,1797,904
662462,26,20,Linkuvos,2374,956
662464,26,22,Zoknių,2185,756
662466,26,23,Pabalių,1678,861
662468,26,27,Verduliukų,3259,1459
662470,16,16,Karmėlavos,1318,669
662472,20,36,Maironio,1659,897
662474,25,29,Žaliūkių,1948,925
662476,26,31,S. Dariaus ir S. Girėno,2254,963
662478,26,33,Lieporių,3049,1429
662480,26,44,Rėkyvos,3999,1686
662482,26,34,Beržyno,2170,1017
662484,52,10,Vilties,1101,355
662486,52,13,Vilties šaltinio,991,324
662488,52,14,Gintarėlio,1173,346
662490,52,16,Žiburio,1171,321
662492,39,2,V. Kudirkos,1799,723
662494,39,3,Respublikos,1689,684
662496,39,6,Akmenės 1-oji,2050,994
662498,39,7,Alkiškių,395,190
662500,67,3,Genių,371,150
662502,1,2,Gedimino,3362,1795
662504,53,18,N. Daugėliškio,616,290
662506,8,369,Pilaitės,4170,2452
662508,11,48,Trakų Vokės,3331,1663
662510,11,78,Liudvinavo,2373,1002
662512,2,401,Vingio,2451,1132
662514,11,403,Geležinio Vilko,1885,836
662518,2,407,Skroblų,2866,1432
662520,9,410,Riešuto,3210,1620
662522,11,411,Titnago,3602,1427
662524,11,412,Aukštųjų Panerių,1272,410
662526,9,414,Akacijų,2390,1138
662528,9,415,Oslo,3767,1736
662530,9,416,Žėručio,2806,1480
662532,9,417,Paparčio,2611,1284
662534,11,451,Salininkų,3177,1177
662536,2,453,Dzūkų,3102,1168
662538,2,454,Kapsų,1925,784
662542,2,456,Kaminkelio,2508,1004
662544,11,460,Kirtimų,1550,527
662546,10,461,Palydovo,2506,1013
662548,10,462,Rugiagėlių,2255,842
662550,10,463,A. Kojelavičiaus,1624,509
662552,10,465,Genių,1526,569
662554,10,466,Pergalės,2932,1123
662556,10,467,Darželio,1908,604
662558,10,469,J. Kolaso,4179,2378
662560,10,470,Parko,3795,1400
662562,10,471,Pramonės,1402,374
662564,11,50,Melioratorių,3451,1351
662566,11,25,Kauno Vokės,3053,1120
662568,11,26,Kunigiškių,3162,1084
662570,11,27,Šviesos,2382,911
662572,46,28,Jakiškių,179,82
662574,46,29,Jauniūnų,228,77
662576,46,30,Maželių,109,49
662578,46,31,Mekių,161,43
662580,46,32,Skilvionių,128,70
662582,46,33,Ziniūnų,240,100
662584,63,1,Kalvarijos Vakarinė,1657,726
662586,63,2,Kalvarijos Rytinė,1685,685
662588,63,3,Jungėnų,1039,404
662590,63,4,Brukų,298,95
662592,63,5,Sūsninkų,253,101
662594,59,2,Gedimino,1361,672
662596,59,3,Girelės,2429,1148
662598,59,4,Lomenos,2117,1012
662600,71,47,Generalinis konsulatas San Paule,119,62
662602,59,5,Kruonio,984,354
662604,59,6,Kalvių,395,184
662606,59,7,Vilūnų,447,197
662608,59,8,Darsūniškio,383,158
662610,59,9,Ringailių,362,162
662612,59,12,Stoniavos,731,334
662614,59,22,Tauckūnų,608,251
662616,59,23,Palomenės,637,267
662618,59,24,Zūbiškių,345,168
662620,59,25,Paparčių,577,218
662622,59,26,Rumšiškių,2034,1023
662624,59,27,Pravieniškių,1898,762
662626,59,28,Dovainonių,756,386
662628,59,29,Antakalnio,599,262
662632,65,24,Batniavos,1043,485
662634,65,34,Vandžiogalos,1264,545
662636,65,35,Padauguvos,331,147
662638,65,36,Saulėtekių,572,207
662640,65,37,Daugėliškių,392,158
662642,65,45,Kulautuvos,1271,760
662644,65,48,Žalgirio,1618,857
662646,66,1,Mastaičių,1668,911
662648,66,2,Pažėrų,725,280
662650,66,13,Juragių,753,327
662652,64,39,Altoniškių,759,280
662654,64,40,Ežerėlio,1412,622
662656,66,41,Garliavos,1965,988
662658,66,42,Liepų,1820,962
662660,66,43,Jonučių,1861,911
662662,66,44,Kačerginės,636,410
662664,66,47,Linksmakalnio,540,256
662666,66,49,Meno mokyklos,1762,835
662668,65,50,Mokyklos,848,331
662670,43,2,Aristavos,550,215
662672,43,4,Babėnų,2287,1097
662674,43,6,Vikaičių,417,156
662676,43,7,Dotnuvos,1140,454
662678,43,33,Pergalės,2244,1013
662680,43,35,Petkūnų,166,74
662682,43,36,Radvilų,1977,930
662684,43,38,Senamiesčio,1014,541
662686,43,39,Sirutiškio,359,196
662688,43,41,Smilgos,1474,793
662690,43,42,Statybininkų,1094,379
662692,43,43,Surviliškio,432,213
662694,43,44,Šėtos,876,381
662696,43,45,Šlapaberžės,510,206
662698,43,46,Taikos,2162,1049
662700,43,47,Tiskūnų,681,316
662702,43,15,Labūnavos,702,317
662704,42,17,Langakių,285,150
662706,42,21,Meironiškio,324,131
662708,43,24,Nociūnų,536,212
662710,42,26,Paaluonio,213,107
662712,42,28,Pajieslio,414,208
662714,24,30,Olimpijos,1614,634
662716,42,30,Pašušvio,343,157
662718,43,31,Pelėdnagių,1591,780
662720,42,32,Pelutavos,280,124
662722,42,34,Pernaravos,310,138
662724,46,6,Darginių,209,68
662726,46,10,Gasčiūnų,354,149
662728,46,13,Plikiškių,220,104
662730,46,14,Kepalių,351,171
662732,46,15,Kirnaičių,302,135
662734,46,16,Kriukų,390,137
662736,46,19,Mindaugių,262,92
662738,46,21,Satkūnų,302,122
662740,46,25,Bučiūnų,150,61
662742,46,26,Lieporų,138,55
662744,63,6,Mockų,282,123
662746,63,7,Jusevičių,581,250
662748,63,8,Sangrūdos,449,215
662750,63,9,Radiškės,288,120
662752,63,10,Salaperaugio,268,84
662754,63,11,Liubavo,262,115
662756,63,12,Brazavo,309,136
662758,63,13,Jurgežerių,284,111
662760,63,14,Tarprubežių,269,124
662762,63,15,Akmenynų,280,116
662764,63,16,Kampinių,303,90
662766,63,17,Aistiškių,274,121
662768,59,1,Vytauto,970,455
662770,59,13,Dainių,533,223
662772,59,14,Stasiūnų,966,384
662774,59,15,Melioratorių,898,362
662776,59,16,Žiežmarių,1555,706
662778,59,17,Gudienos,1756,780
662780,59,18,Žaslių,719,335
662782,59,19,Pajautiškių,457,170
662786,59,31,Liutonių,682,236
662788,65,5,Pagynės,623,255
662790,65,6,Panevėžiuko,1018,396
662792,65,7,Čekiškės,794,388
662794,65,8,Liučiūnų,596,225
662796,65,9,Domeikavos,1707,904
662798,65,11,Voškonių,853,340
662800,65,12,Lapių,1881,852
662802,35,9,Gimnazijos,1186,515
662804,46,35,Drąsutaičių,129,47
662806,46,36,Pošupių,218,91
662810,12,23,Visorių,4162,2670
662812,13,217,Tarandės,2017,1272
662814,8,313,I. Kanto,3663,1957
662816,37,40,Bajorų,1511,516
662818,36,32,Karklės,1215,567
663014,5,68,Gerviškių,2061,1256
663026,3,113,Valakupių,2585,1529
663028,3,122,Kairėnų,1959,1070
663030,4,167,S. Žukausko,2392,1612
663032,4,168,Žygio,2871,1518
663034,12,199,Žaliųjų Ežerų,2040,1013
663036,13,218,Perkūnkiemio,3514,1695
663038,13,219,Grigalaukio,2418,1465
663040,2,409,Gerosios Vilties,3074,1298
663058,70,30,Dzūkų,2693,1271
663062,51,29,Senamiesčio,1803,947
663064,51,32,Sodų,1383,569
663096,71,70,Ambasada Jungtiniuose Arabų Emyratuose,130,55
