minor_gid,major_id,minor_id,minor_name,registered_voters,votes
713096,69,17,Gulbynės,3338,1425
713098,19,25,Girios alėjos,2848,1611
713100,33,1,Geležių,429,182
713102,33,9,Krekenavos,1677,745
713104,53,15,Arnionių,179,93
713106,61,4,Alionių,315,164
713108,61,10,Smėlių,1204,557
713110,61,23,Viesų,169,90
713112,69,13,Šaltinių,2416,1259
713114,29,21,Žvaigždutės,2428,1210
713116,14,452,Lietuvių namų,1902,855
713118,16,77,Buitininkų,3983,1987
713120,71,55,Ambasada Jungtinėje Karalystėje,18336,10227
713126,10,468,Karklėnų,2746,1203
713128,35,4,Laisvės,2344,1242
713130,33,44,Skaistgirių,328,146
713132,50,7,Imbrado,401,186
713134,55,57,Avižienių 2-oji,1583,856
713136,55,58,Riešės 2-oji,1327,806
713138,55,59,Bukiškio 2-oji,1800,1199
713140,55,60,Sudervės 2-oji,1210,748
713142,55,61,Didžiosios Riešės 2-oji,2014,1159
713144,57,62,Bezdonių 2-oji,1224,588
713146,57,63,Mickūnų 2-oji,1638,687
713148,57,64,Nemėžio 2-oji,2137,1005
713150,57,65,Skaidiškių 2-oji,1820,755
713152,57,66,Rudaminos 2-oji,2003,913
713154,11,67,Pagirių 2-oji,1503,795
713156,71,71,Ambasada Australijoje,663,371
713158,42,40,Lenkelių,135,75
713160,53,3,Balninkų,296,179
713162,50,27,Kriaunų,384,191
713164,48,18,Skapiškio,825,397
713166,6,256,Musninkų,3078,1567
713168,65,64,Giraitės,1263,652
713170,66,65,Uosiuko,1611,939
713172,59,7,Beižionių,249,157
713174,56,35,Dailidžių,233,156
713176,3,120,Antavilių,3118,1874
713178,49,15,Siesikų,1005,420
713180,61,37,Želvos,755,366
713182,33,42,Molainių,1034,652
713184,62,2,Smalininkų,935,437
713186,61,17,Družų,392,162
713188,70,6,Kapčiamiesčio,971,413
713190,70,23,Šeštokų,811,336
713192,21,8,Baltų,3602,1950
713194,4,153,Prekybininkų,3027,1641
713196,68,34,Giedrių,827,402
713198,68,36,Serdokų,224,112
713200,8,372,Karaliaučiaus,2533,1375
713202,37,41,M.Tiškevičiūtės,1569,759
713204,13,307,Žemynos,3735,2078
713206,31,31,Dituvos,3789,1523
713208,33,5,Piniavos,1797,895
713210,21,9,Baltijos,3351,1823
713212,24,33,Gindulių,2280,1180
713214,60,10,Kalnų,933,423
713216,64,7,Višakio Rūdos,360,165
713218,31,4,Centro,1936,1086
713220,16,81,J. Urbšio,2073,1105
713222,23,25,Šilojų,3693,2021
713224,55,56,Antežerių,2084,1332
713226,58,10,Ismonių,203,96
713228,64,26,Sintautų,899,391
713230,71,70,Ambasada Jungtiniuose Arabų Emyratuose,204,72
713232,46,9,Gaižaičių,301,137
713234,13,204,Gabijos,3932,2152
713236,16,84,Nepriklausomybės,1817,957
713238,27,6,V.Kudirkos,1881,1054
713240,71,73,Ambasada Pietų Korėjoje,94,60
713242,71,74,Ambasada Šveicarijos Konfederacijoje,1186,849
713244,71,75,Generalinis konsulatas Miunchene,956,670
713246,4,158,Kazliškių,1892,1121
713248,40,29,Žarėnų,690,310
713250,45,29,Daugėlių,1507,733
713252,19,23,Bivylių,3950,2219
713254,36,34,Trušelių,3981,1834
713256,8,371,Smalinės,3532,2185
713258,10,473,Kalnėnų,2898,1996
713260,71,14,Ambasada Estijos Respublikoje,189,140
713262,71,37,Ambasada Suomijos Respublikoje,371,262
713264,69,37,Dzūkų,1878,891
713266,48,24,Žaidelių,290,143
713268,65,37,Daugėliškių,360,183
713270,59,20,Stabintiškių,500,242
713272,30,4,A. Matučio,1947,871
713274,30,9,Statybininkų,1332,612
713276,11,464,Užusienio,1395,806
713278,7,303,Justiniškių,4123,2078
713280,51,29,Senamiesčio,1730,1011
713282,51,32,Sodų,1263,605
713284,45,19,Šiupylių,282,123
713286,40,8,Kęstučio,1254,663
713288,68,25,Sūdavos,896,322
713290,64,37,Briedžių,393,199
713292,6,260,Žygimanto Augusto,2448,1329
713294,64,3,Mindaugo,1313,671
713300,23,18,Šatrijos,1032,515
713302,50,35,Suvainiškio,169,88
713304,69,10,Krūminių,365,159
713306,69,24,Daržininkų,177,75
713308,69,32,Tolkūnų,334,158
713310,59,1,Draugystės,1911,858
713312,61,16,Alekniškio,174,96
713314,31,8,Daukšaičių,292,110
713316,70,30,Dzūkų,2408,1241
713318,50,13,Obelių,1510,650
713324,65,55,Drąseikių,1321,518
713326,65,56,Įgulos,2332,1377
713328,66,57,Sąnašos,1543,880
713330,16,58,Pelenių,1228,524
713332,16,60,Pabiržio,1628,830
713334,65,63,Vijūkų,2529,1367
713336,39,9,Ylakių,910,424
713338,30,19,Jotvingių,2124,975
713340,40,32,Vembūtų,339,151
713342,35,24,Nausodžio,1590,832
713344,5,213,S. Nėries,3820,1809
713346,16,59,Ąžuolų,1597,973
713348,66,61,Tabariškių,3332,1847
713350,65,62,Dvaro,1662,971
713354,10,472,Džiaugsmo,4070,2509
713356,67,16,Balbieriškio,1847,813
713358,30,22,Jaunimo,2045,997
713360,30,21,Volungės,3033,1561
713362,30,8,Naujoji,2939,1251
713364,41,14,Kražių,650,349
713366,42,34,Lyduvėnų,206,97
713368,69,17,Vilkiautinio,329,171
713374,27,36,Dainų,2039,1079
713376,69,26,Valkininkų,632,319
713378,68,20,Šiaudiniškių,222,101
713380,71,53,Generalinis konsulatas Čikagoje,2496,1262
713382,71,56,Ambasada Kanadoje,606,356
713408,52,14,Linkmenų,687,350
713412,71,72,Ambasada Singapūro Respublikoje,136,85
713414,71,60,Ambasada Rusijos Federacijoje,103,55
713416,71,63,Konsulatas Sovetske,22,19
713418,71,50,Ambasada Ispanijos Karalystėje,874,606
713420,71,51,Konsulatas Valensijoje,610,374
713422,58,6,Balceriškių,1313,581
713424,49,29,Nevėžio,477,223
713426,71,40,Ambasada Turkijos Respublikoje,142,54
713428,42,10,Paupio,195,99
713430,69,18,Pilvingių,276,112
713432,44,10,Grinkiškio,997,442
713434,69,6,Marcinkonių,633,360
713436,12,202,Mokyklos,4131,2764
713438,71,68,Ambasada Pietų Afrikos Respublikoje,374,144
713440,71,69,Generalinis konsulatas Los Andžele,933,531
713442,32,28,Katyčių,506,231
713444,53,24,Verbiškių,308,154
713446,62,20,Klausučių,749,311
713448,64,1,Žiburio,1352,737
713450,50,29,Kairelių,201,86
713452,4,155,Moksleivių,2495,1248
713454,35,32,Truikių,685,363
713456,33,21,Sujėtų,251,107
713458,33,23,Uliūnų,534,195
713482,69,1,Puodžių,435,176
713484,43,16,Lančiūnavos,498,249
713634,26,15,S.Šalkauskio,2113,1160
713636,26,21,Šimšės,2892,1574
713638,26,25,K.Donelaičio,2022,1124
713640,26,30,Gegužių,2358,1217
713642,68,32,Ramoniškių,332,174
713644,68,35,Klampučių,304,165
713646,68,44,Stirniškių,467,210
713648,24,36,Debreceno,2140,833
713650,24,39,Žilvičio,1360,618
713652,47,7,Švobiškio,325,152
713654,33,6,Bernatonių,1430,689
713656,47,14,Pajiešmenių,610,263
713658,47,17,Ustukių,714,346
713660,47,20,Jurgėnų,423,212
713662,33,20,Smilgių,473,239
713664,47,23,Pušaloto,571,293
713666,47,26,Kiemėnų,237,114
713668,47,33,Nairių,253,125
713670,59,14,Jagėlonių,265,141
713672,38,2,Senamiesčio,2578,1423
713674,39,36,Kapėnų,331,127
713676,50,31,Aleksandravėlės,118,65
713678,50,41,Stoties,583,280
713680,43,5,Beinaičių,298,141
713682,5,210,P. Žadeikos,1896,1073
713684,10,101,Filaretų,2461,1595
713686,65,4,Babtų,1267,684
713688,65,10,Neries,2068,1088
713690,65,33,Užliedžių,2752,1358
713692,65,46,Vilkijos,1225,499
713694,52,4,Bangos,1588,604
713696,30,11,Sporto,1851,898
713698,35,2,Dariaus ir Girėno,1377,693
713700,35,7,A.Vaišvilos,2095,975
713702,35,15,Glaudžių,859,444
713704,3,121,Dvarčionių,3152,1834
713708,47,3,Kalno,2231,1204
713710,45,40,Romuvos,3205,1743
713712,56,22,Marijampolio,1243,609
713714,22,13,Strėvos,2651,1009
713716,22,43,Rambyno,2584,1040
713718,22,52,Baltijos,1614,689
713720,41,27,Gimnazijos,1714,989
713722,32,32,Kivylių,330,183
713724,35,18,Kontaučių,466,216
713726,35,30,Stanelių,537,255
713728,35,35,Žlibinų,512,272
713730,30,14,Ūdrijos,1052,403
713732,63,14,Kumečių,366,183
713734,69,40,Vaikantonių,322,144
713736,69,49,Ryliškių,256,138
713738,25,48,Vakarų,3285,1477
713740,60,2,Juodmenos,2358,1147
713742,60,18,Čičinų,866,375
713744,71,12,Ambasada Danijos Karalystėje,1943,1245
713746,71,34,Ambasada Rumunijoje,57,46
713748,40,5,Muziejaus,1953,996
713750,40,10,Prano Genio,2161,1179
713752,53,23,Prienų,243,139
713754,34,7,Laisvės,2490,1263
713756,34,11,Lauksargių,874,329
713758,34,18,Norkaičių,659,347
713760,34,21,Lomių,321,130
713762,34,23,Juodpetrių,964,313
713764,21,18,Apuolės,979,564
713766,19,22,Žagarės,2064,1091
713768,19,27,J. Dobkevičiaus,4277,2238
713770,28,7,J.Balčikonio,1811,984
713772,24,26,Brigantinos,1554,624
713774,24,32,Dainavos,2457,1036
713776,56,15,Pakenės,731,354
713778,55,1,Avižienių 1-oji,2187,1535
713780,55,14,Geisiškių,610,325
713782,55,53,Bukiškio 1-oji,2014,1214
713784,68,43,Slabadų,169,90
713786,17,89,Specialistų,2333,1152
713788,17,99,Knygnešių,2260,1221
713790,54,3,Laikštės,1827,967
713792,28,4,Vienybės,2113,962
713794,28,25,Ukmergės,2027,982
713796,28,10,Menų mokyklos,2343,1089
713798,7,351,Tujų,2670,1379
713800,8,359,D. Gerbutavičiaus,1908,1009
713802,1,3,Saltoniškių,3118,2070
713804,2,10,Taurakalnio,1744,1169
713806,51,24,Vaikutėnų,436,234
713808,62,24,Skaudvilės,1221,561
713810,62,32,Eičių,246,71
713812,34,34,Dauglaukio,381,184
713814,63,26,Gudelių,475,201
713816,32,12,Jonaičių,387,219
713818,32,36,Liepų,983,539
713820,37,16,Šauklių,345,183
713822,43,53,Beržų,285,130
713824,45,42,Gytarių,2902,1616
713826,32,27,Inkaklių,493,254
713828,32,30,Bikavėnų,282,162
713830,32,31,Gorainių,239,128
714112,63,20,Ąžuolinių,324,163
714114,67,27,Raižių,223,116
714116,69,50,Nemunaičio,910,458
714118,17,116,Buriuotojų,3798,1821
714120,18,122,Rokų,2994,1551
714122,69,14,Kibyšių,195,89
714124,69,16,Panaros,201,79
714126,69,30,Perlojos,459,230
714128,69,35,Rudnios,160,67
714130,69,39,Senosios Varėnos,998,486
714132,37,2,Vilniaus,1691,904
714134,37,15,Mosėdžio,1270,561
714136,39,23,Šačių,417,183
714138,39,16,Plinkšių,508,201
714140,39,23,Dagių,193,84
714142,39,30,Bugenių,922,440
714144,66,52,Bibliotekos,1463,790
714146,33,16,Liberiškio,426,164
714148,33,27,Staniūnų,1955,943
714150,49,35,Liūdynės,558,265
714152,33,37,Pažagienių,638,330
714154,42,3,Centro,1689,802
714156,42,9,Viduklės,1760,795
714158,42,16,Gėluvos,367,219
714160,71,19,Ambasada Izraelio Valstybėje,241,71
714162,47,19,Mažeikonių,720,354
714164,46,38,Žeimelio,724,349
714166,47,35,Šukionių,276,143
714168,54,5,Uosupio,1993,980
714170,54,9,Šaulių,2010,966
714172,54,13,Armino,889,496
714174,42,4,Pramonės,2141,1131
714176,42,7,Sujainių,907,443
714178,42,13,Kryžkalnio,352,150
714180,42,21,Paliepių,300,150
714182,42,24,Požėčių,354,170
714184,42,27,Berteškių,328,170
714186,42,30,Kaulakių,448,210
714188,42,33,Šiluvos,594,309
714190,42,39,Norgėlų,491,249
714192,42,44,Gervinės,156,90
714194,63,24,Igliaukos,861,399
714224,63,36,Varnupių,156,78
714226,63,40,Tautkaičių,560,240
714228,50,40,Panemunio,213,109
714230,18,31,Piliakalnio,2492,1304
714232,35,5,Pelaičių,564,268
714234,35,8,Tverų,914,362
714236,35,21,Milašaičių,301,171
714238,39,12,Kruopių,619,316
714240,15,68,Statybininkų,3377,1792
714242,15,69,Rasos,1649,925
714244,15,72,P. Lukšio,3264,1924
714246,17,38,Varpo,3103,1885
714248,18,105,Sodų,3243,1437
714250,26,28,Tilžės,3096,1312
714252,42,19,Verėduvos,328,152
714254,42,37,Ramonų,349,172
714256,33,22,Perekšlių,440,179
714258,18,126,Tirkiliškių,2805,1632
714260,43,11,Kaplių,203,110
714262,38,8,Naftininkų,3078,1555
714264,45,23,Smilgių,219,111
714266,45,30,Micaičių,638,322
714268,45,34,Drąsučių,994,411
714270,45,39,Šakynos,495,190
714272,42,43,Alėjų,165,99
714274,41,2,Balsių,816,414
714276,41,5,Bytlaukio,332,153
714278,32,8,Ramučių,143,81
714280,41,9,Girdiškės,153,90
714282,34,12,Jucaičių,297,146
714284,41,16,Obelyno,518,254
714286,41,19,Požerės,309,147
714288,41,24,Žadeikių,553,234
714290,32,33,Vainuto,637,316
714292,2,408,Vilkpėdės,2209,1085
714294,9,413,Bukčių,4413,2718
714296,32,39,Naumiesčio kaimiškoji,762,382
714298,29,15,Žvaigždžių,3366,1849
714300,29,23,Kniaudiškių,3757,1978
714302,34,5,Aerodromo,2871,1528
714304,34,28,Batakių,656,294
714306,7,252,Viršuliškių,2324,1228
714308,6,258,Šeškinės,1920,1031
714310,58,12,Vievio,3526,1745
714312,46,34,Jurdaičių,334,146
714314,58,21,Rykantų,1627,688
714316,1,51,Dailės,1741,1137
714318,6,57,Senvagės,3030,1582
714320,71,43,Ambasada Vengrijoje,74,58
714322,71,30,Ambasada Nyderlandų Karalystėje,2033,1405
714324,42,17,Dainavos,191,97
714326,18,30,Julijanavos,1983,1075
714328,66,125,Kazliškių,1252,724
714330,15,66,Šiaurės,3093,1750
714332,23,5,Eglės,1437,695
714334,23,8,Šviesos,2530,1429
714336,22,11,Saulutės,4052,1686
714338,23,17,Saulėtekio,2347,1254
714340,53,10,Girsteitiškio,220,127
714342,53,21,Suginčių,428,196
714344,47,3,Degesių,242,116
714346,46,5,Draudelių,121,70
714348,47,11,Klovainių,585,301
714350,46,20,Mikniūnų,283,113
714352,46,26,Pašvitinio,423,219
714354,61,3,Maironio,1547,852
714356,61,6,Kęstučio,1725,893
714358,61,9,Kauno,1879,832
714360,61,13,Pivonijos,2049,978
714362,49,22,Rečionių,901,470
714364,61,33,Krikštėnų,257,124
714366,50,18,Lukštų,209,111
714368,34,12,Kęsčių,266,145
714370,62,1,Pagėgių,1436,726
714372,32,1,Mokyklos,1844,903
714374,39,1,Senamiesčio,1295,670
714376,39,4,Ramučių,1167,579
714378,39,8,Daubiškių,611,258
714380,39,11,Kivylių,386,219
714382,39,17,Luokavos,418,213
714384,1,65,A. Vienuolio,1762,1055
714386,50,13,Magučių,360,135
714388,58,40,Salkininkų,434,170
714390,14,116,Liepkalnio,3706,1772
714392,50,4,J. Tūbelio,2288,1255
714394,50,10,Žiobiškio,387,192
714396,50,23,Aukštakalnių,225,117
714398,71,20,Ambasada Japonijoje,213,176
714400,39,37,Palnosų,633,294
714402,41,27,Pašilės,207,102
714404,41,28,Pavėžupio,198,90
714406,41,29,Petrališkės,309,173
714408,41,30,Stulgių,260,137
714410,41,32,Šaukėnų,813,317
714412,44,33,Šedbarų,272,110
714414,44,35,Tytuvėnų,1852,826
714416,41,37,Vaiguvos,356,160
714418,31,11,Veiviržėnų,1070,548
714420,31,12,Girininkų,441,204
714422,31,13,Lapių,520,261
714424,31,14,Tilvikų,184,88
714426,31,15,Vėžaičių,2409,1274
714428,31,16,Priekulės,2156,1064
714430,31,17,Agluonėnų,920,470
714432,31,18,Dovilų,3510,1603
714434,31,19,Ketvergių,2168,943
714436,31,20,Šiūparių,691,316
714438,55,37,Pikeliškių,2369,1239
714440,57,25,Galgių,2008,1126
714442,56,26,Medininkų,841,384
714444,57,29,Kabiškių,832,398
714446,56,42,Senasalio,346,133
714448,56,43,Savičiūnų,518,264
714450,57,51,Nemenčinės,2004,1036
714452,57,52,Neries,1725,946
714454,56,55,Rakonių,928,424
714456,11,8,Baltosios Vokės,1258,510
714458,11,9,Pagirių 1-oji,1559,684
714460,11,10,Keturiasdešimties Totorių,1298,411
714462,58,9,Kazokiškių,375,152
714464,58,10,Pastrėvio,541,278
714466,59,2,Saulės,4029,2096
714468,59,3,Sodų,1726,888
714470,59,4,Versmės,1942,959
714472,59,13,Gilučių,407,199
714474,59,15,Kietaviškių,871,425
714476,50,1,Antalieptės,467,215
714478,52,17,Smalvų,179,77
714480,52,18,Turmanto,705,233
714482,50,19,Dusetų,1779,833
714484,50,22,Zarasų rytų,2416,1039
714486,50,23,Zarasų vakarų,1428,516
714488,50,24,Zarasų šiaurės,1436,722
714490,52,3,Ceikinių,369,169
714492,52,4,Didžiasalio,1059,407
714494,52,17,Mielagėnų,567,270
714496,40,6,Šviesos,1625,871
714498,40,7,Kalno,473,290
714500,40,9,Sedos,1572,764
714502,40,11,Degaičių,767,378
714504,40,30,Ryškėnų,1992,835
714506,40,31,Viešvėnų,735,345
714508,40,33,Rainių,883,380
714510,40,26,Janapolės,480,194
714512,40,27,Pavandenės,409,161
714514,40,28,Varnių,1592,741
714516,58,1,Lentvario,2401,1005
714518,58,2,Klevų,2666,1061
714520,58,30,Senojo Tarpupio,307,151
714522,58,31,Senųjų Trakų,1618,792
714524,58,32,Šventininkų,633,379
714526,58,43,Lauko,2495,1136
714528,58,3,Trakų m.,2177,1368
714530,58,33,Bražuolės,883,394
714532,58,42,Bagdononių,285,108
714534,58,35,Jovariškių,325,154
714536,58,34,Žaizdrių,973,487
714538,61,2,Anykščių,2446,1220
714540,61,4,J.Basanavičiaus,1349,667
714542,61,11,Krekšlių,2368,1228
714544,61,14,Pašilės,705,416
714546,49,18,Taujėnų,1062,455
714548,49,21,Vidiškių,1165,494
714550,61,24,Dainavos,616,258
714552,41,1,Šilalės,2158,1244
714554,41,3,Bijotų,510,264
714556,34,17,Pajūrio,929,441
714558,41,18,Pajūralio,628,301
714560,41,20,Šiauduvos,547,288
714562,41,22,Traksėdžio,778,418
714564,41,23,Upynos,619,328
714566,41,26,Palentinio,190,107
714568,32,2,Žalgirio,2147,1130
714570,32,3,Martyno Jankaus,1312,718
714572,32,19,Žemaitkiemio,222,111
714574,32,35,Lietuvininkų,669,390
714576,32,7,Gardamo,667,317
714578,32,9,Šylių,448,237
714580,32,14,Pašyšių,757,286
714582,32,26,Švėkšnos,1748,813
714584,52,22,Strigailiškio,447,226
714586,71,46,Ambasada Indijos Respublikoje,19,18
714588,27,4,J.Basanavičiaus,2206,1011
714590,27,10,Parko,1517,858
714592,70,10,Viečiūnų,1495,674
714594,70,14,Ricielių,815,362
714596,25,49,Aukuro,2754,1222
714598,25,57,Budelkiemio,3209,1273
714600,40,18,Ubiškės,793,313
714602,40,12,Eigirdžių,673,321
714604,48,3,Antašavos,436,205
714606,48,7,Kratiškių,434,210
714608,48,10,Rinkuškių,1322,551
714610,48,14,Kirdonių,542,235
714612,48,18,Juostaviečių,271,129
714614,48,23,Papilio,542,249
714616,60,22,Žeimių,834,353
714618,60,25,Upninkų,935,324
714620,60,27,Šveicarijos,2131,933
714622,48,26,Užušilių,310,139
714624,48,30,Ramongalių,272,126
714626,53,11,Stanislavavo,174,86
714628,37,19,Erlėnų,299,130
714630,37,22,Kalniškių,226,120
714632,37,34,Dupulčių,1155,563
714634,37,38,Valėnų,208,95
714636,37,5,S.Daukanto,2075,981
714638,37,8,Darbėnų,1300,648
714640,37,11,Kumpikų,204,105
714642,37,15,Piliakalnio,280,131
714644,37,20,Kalnalio,178,77
714646,15,64,Aukuro,3394,1913
714648,37,24,Dvaro,1309,623
714650,36,28,Vydmantų,2008,1017
714652,4,151,Žirmūnų,2003,1111
714654,16,79,Pramonės,2093,1003
714656,16,85,Vytauto,2877,1396
714658,56,27,Tabariškių,372,198
714660,53,6,Pašaminės,463,253
714662,44,12,Kiaunorių,352,129
714664,41,18,Lupikų,516,206
714666,41,24,Pakražančio,507,247
714668,41,31,Šaltenių,302,148
714670,41,36,Užvenčio,1484,629
714672,48,9,Obelaukių,667,350
714674,48,17,Salamiesčio,424,215
714676,12,200,Balsių,3811,2351
714678,18,118,Pušų,2520,1184
714680,56,18,Pabarės,560,333
714682,16,88,V. Krėvės,1972,914
714684,17,93,Butrimonių,1907,966
714686,17,101,Palemono,3200,1522
714688,69,4,Panočių,366,146
714690,56,12,Eišiškių,1835,954
714692,71,8,Ambasada Belgijos Karalystėje,1938,1568
714694,39,5,Agluonų,336,142
714696,39,19,Ventos,1251,633
714698,37,9,Lazdininkų,301,157
714700,39,10,Gulbinų,679,357
714702,40,17,Nerimdaičių,225,92
714704,42,28,Ilgižių,446,228
714706,43,23,Miegėnų,351,141
714708,44,21,Pavartyčių,519,249
714710,44,27,Kudirkos,2469,1354
714712,45,36,Sauginių,400,203
714714,49,10,Debeikių,961,414
714716,50,22,Kamajų,490,203
714718,51,7,Basanavičiaus,1105,548
714720,50,11,Suvieko,411,198
714722,52,5,Auksinio gaidelio,1285,333
714724,61,8,Gelvonų,640,325
714726,56,7,Tribonių,263,143
714728,56,32,Jurgelionių,200,117
714730,57,11,Grigaičių,1374,721
714732,58,5,Ausieniškių,1092,533
714734,58,23,Onuškio,750,369
714736,58,41,Birutės,1803,1080
714738,60,19,Kulvos,458,234
714740,64,2,Pušų,1770,764
714742,64,14,Jankų,478,245
714744,63,33,Netičkampio,1050,491
714746,67,36,Jurgelionių,413,189
714748,69,45,Venciūnų,1037,496
714750,1,67,V. Šopeno,2113,1214
714752,20,33,Tekstilininkų,1808,1036
714754,20,110,Breslaujos,3010,1685
714756,25,47,Versmės,3116,1363
714758,28,2,Rožių,3690,2068
714760,33,12,Naujarodžių,300,123
714762,49,26,Raguvos,842,415
714764,32,22,Kintų,1133,502
714766,34,21,Tenenių,333,161
714768,56,19,Tetėnų,361,141
714770,48,4,Saulės,1864,1005
714772,48,15,Pabiržės,709,317
714774,48,31,Šukionių,195,115
714776,71,1,Ambasada Airijoje,3396,2021
714778,71,3,Ambasada Armėnijos Respublikoje,15,12
714780,71,25,Generalinis konsulatas Almatoje,30,26
714782,41,19,Maironių,668,326
714784,71,5,Ambasada Austrijos Respublikoje,406,299
714786,71,6,Ambasada Azerbaidžano Respublikoje,20,19
714788,71,48,Ambasada Baltarusijos Respublikoje,48,34
714790,71,11,Ambasada Čekijos Respublikoje,132,96
714792,71,13,Ambasada Egipto Arabų Respublikoje,54,28
714794,71,15,Ambasada Graikijos Respublikoje,298,184
714796,71,16,Ambasada Sakartvele,56,39
714798,71,18,Ambasada Italijos Respublikoje,763,448
714800,71,54,Generalinis konsulatas Niujorke,1482,843
714802,71,52,Ambasada Jungtinėse Amerikos Valstijose,385,221
714804,71,24,Ambasada Kazachstano Respublikoje,21,20
714806,71,27,Ambasada Latvijos Respublikoje,221,144
714808,71,59,Konsulatas Seinuose,65,53
714810,71,58,Ambasada Lenkijos Respublikoje,360,247
714812,71,29,Ambasada Moldovos Respublikoje,23,20
714814,71,31,Ambasada Norvegijos Karalystėje,3700,2372
714816,71,33,Ambasada Prancūzijos Respublikoje,1098,723
714818,71,62,Generalinis konsulatas Kaliningrade,60,31
714820,71,38,Ambasada Švedijos Karalystėje,1786,1206
714822,71,41,Ambasada Ukrainoje,94,76
714824,71,64,Ambasada Vokietijos Federacinėje Respublikoje,2870,2087
714826,15,60,Versmės,2499,1273
714828,45,3,Vijolių,1052,588
714830,45,10,Gilvyčių,347,149
714832,46,15,Žadžiūnų,342,161
714834,18,106,Šančių,2281,1239
714836,18,117,Vaidoto,2362,1163
714838,56,16,Kalvelių,1476,643
714840,69,31,Sarapiniškių,222,111
714842,38,11,Kalnėnų,3054,1425
714844,44,13,Karčemų,793,348
714846,44,14,Kutiškių,667,326
714848,62,2,Panemunės,207,73
714850,62,3,Kentrių,173,73
714852,62,4,Natkiškių,552,306
714854,62,5,Pagėgių kaimiškoji,501,261
714856,62,6,Piktupėnų,438,185
714858,62,7,Stoniškių,928,440
714860,62,8,Šilgalių,447,203
714862,62,9,Rambyno,719,348
714864,62,10,Vilkyškių,601,316
714866,62,11,Žukų,444,210
714868,47,1,Balsių,608,324
714870,47,2,Bardiškių,352,158
714872,47,4,Degučių,198,105
714874,47,21,Medikonių,242,131
714876,47,23,Naujamiesčio,2415,1403
714878,47,24,Pakruojo,1660,871
714880,46,25,Pamūšio,221,100
714882,47,28,Preičiūnų,188,108
714884,47,30,Plaučiškių,241,136
714886,46,31,Rimkūnų,137,58
714888,47,32,Rozalimo,675,355
714890,47,33,Stačiūnų,240,103
714892,46,36,Triškonių,278,122
714894,33,24,Ramygalos,1687,830
714896,33,25,Daniūnų,280,102
714898,49,27,Šilų,222,132
714900,49,28,Miežiškių,550,275
714902,33,30,Trakiškio,730,337
714904,33,32,Šilagalio,623,320
714906,33,33,Dembavos,2415,1310
714908,49,36,Katinų,468,210
714910,33,31,Paežerio,928,579
714912,47,1,Joniškėlio,1342,686
714914,47,2,P.Vileišio,1939,1073
714916,47,4,Vilniaus,1524,848
714918,47,5,Daujėnų,429,216
714920,47,6,Girsūdų,391,191
714922,47,8,Norgėlų,182,92
714924,47,25,Deglėnų,115,62
714926,47,27,Namišių,326,196
714928,47,29,Saločių,903,364
714930,47,31,Žilpamūšio,326,145
714932,47,32,Grūžių,302,126
714934,47,34,Tetirvinų,457,237
714936,35,1,Birutės,1620,743
714938,35,17,Karklėnų,591,248
714940,35,19,Kulių,814,469
714942,35,23,Narvaišių,604,283
714944,35,26,Platelių,1022,498
714946,35,29,Stalgėnų,423,207
714948,35,31,Šateikių,815,347
714950,35,34,Žemaičių Kalvarijos,942,379
714952,67,17,Jiezno,1403,689
714954,67,19,Kašonių,448,221
714956,67,20,Vėžionių,241,111
714958,67,21,Ašmintos,436,184
714960,67,22,Strielčių,680,352
714962,67,29,Pakuonio,823,401
714964,67,31,Vyšniūnų,547,293
714966,67,32,Užuguosčio,258,156
714968,67,33,Pieštuvėnų,399,211
714970,67,34,Stakliškių,597,323
714972,44,17,Pakiršinio,683,301
714974,44,18,Palonų,347,132
714976,44,20,Pašušvio,532,216
714978,44,22,Pociūnų,324,181
714980,44,23,Pociūnėlių,442,182
714982,44,25,Vaižganto,2503,1208
714984,37,10,Kašučių,320,179
714986,37,12,Grūšlaukės,361,178
714988,37,13,Mančių,103,43
714990,37,14,Laukžemės,367,177
714992,37,16,Žvainių,304,143
714994,37,17,Laivių,303,116
714996,37,18,Juodupėnų,239,96
714998,37,36,Rubulių,561,252
715000,37,37,Jokūbavo,333,155
715002,37,39,Leliūnų,152,81
715004,48,2,Alizavos,416,208
715006,48,4,Aukštupėnų,650,372
715008,48,7,Račiupėnų,2124,1031
715010,48,8,Kupos,1520,825
715012,48,9,Senamiesčio,1463,728
715014,48,15,Paketurių,443,244
715016,48,23,Virbališkių,222,124
715018,48,21,Šepetos,797,325
715020,48,22,Šimonių,539,275
715022,64,1,Kazlų Rūdos,1053,458
715024,64,4,Liepų,476,257
715026,64,5,Bagotosios,450,202
715028,64,6,Antanavo,561,208
715030,64,8,Jūrės,584,262
715032,64,9,Jūrės,330,148
715034,64,10,Plutiškių,464,188
715036,64,11,Ąžuolų Būdos,808,394
715038,70,14,Lazdijų,2271,1125
715040,70,15,Metelių,217,115
715042,70,17,Noragėlių,218,90
715044,70,19,Rudaminos,314,161
715046,70,20,Seiliūnų,237,130
715048,70,21,Seirijų,1177,601
715050,70,22,Stebulių,254,111
715052,70,24,Šventežerio,614,326
715054,70,25,Teizų,393,164
715056,70,27,Veisiejų,2066,1005
715058,39,24,Renavo,376,172
715060,39,25,Pikelių,439,163
715062,39,27,Ukrinų,432,210
715064,39,28,Židikų,619,273
715066,38,29,Urvikių,392,197
715068,38,32,Purvėnų,403,149
715070,38,33,Laižuvos,350,160
715072,38,1,M. Račkausko,2145,1168
715074,39,38,Viekšnių,2446,1108
715076,53,1,Alantos,667,333
715078,53,4,Bekupės,336,139
715080,53,5,Bijutiškio,285,136
715082,53,6,Čiulėnų,758,348
715084,53,7,Dapkūniškių,199,104
715086,53,8,Dubingių,379,187
715088,53,9,Giedraičių,762,333
715090,53,11,Inturkės,669,272
715092,53,12,Joniškio,667,259
715094,53,13,Miežonių,282,103
715096,53,14,Levaniškių,335,203
715098,53,16,Mindūnų,397,212
715100,53,17,Siesarties,2979,1514
715102,53,19,Naujasodžio,529,276
715104,53,20,Skudutiškio,302,147
715106,44,7,Daugėlaičių,539,194
715108,53,22,Videniškių,521,239
715110,53,23,Vorėnų,237,102
715112,47,6,Dvariškių,239,104
715114,47,7,Gačionių,180,90
715116,47,9,Guostagalio,590,201
715118,46,10,Grikpėdžių,235,113
715120,47,13,Kauksnųjų,134,43
715122,47,14,Laipuškių,151,80
715124,47,15,Linksmučių,245,150
715126,46,16,Linkuvos,1553,668
715128,47,17,Linų,277,117
715130,47,37,Ūdekų,241,127
715132,47,39,Žvirblonių,264,122
715134,33,11,Žibartonių,658,235
715136,33,13,Linkaučių,267,111
715138,33,14,Upytės,640,289
715140,50,26,Salų,263,140
715142,33,15,Ėriškių,468,220
715144,33,17,Berniūnų,508,235
715146,33,18,Naujamiesčio,1125,561
715148,33,19,Gustonių,458,189
715150,49,38,Vadoklių,705,302
715152,49,39,Jotainių,577,247
715154,33,2,Tiltagalių,547,252
715156,33,3,Karsakiškio,753,308
715158,33,7,Paįstrio,1185,526
715160,47,9,Meškalaukio,396,184
715162,47,11,Narteikių,390,180
715164,47,12,Krinčino,536,228
715166,47,15,Papyvesių,576,305
715168,47,16,Talačkonių,415,191
715170,47,18,Valakėlių,317,158
715172,47,19,Pumpėnų,758,329
715174,47,21,Kriklinių,316,169
715176,35,3,A. Jucio,2660,1371
715178,35,5,V.Mačernio,2326,1230
715180,35,6,Senamiesčio,1516,800
715182,35,8,Aleksandravo,303,165
715184,35,9,Alsėdžių,872,402
715186,35,11,Didvyčių,398,210
715188,35,12,Gegrėnų,394,167
715190,35,14,Gintališkės,302,149
715192,35,16,Grumblių,358,148
715194,35,37,Prūsalių,1185,558
715196,67,1,Dariaus ir Girėno,2292,1165
715198,67,2,J.Basanavičiaus,2131,1113
715200,65,51,Saulės,1801,1080
715202,67,3,Kęstučio,1195,591
715204,67,4,Statybininkų,1840,916
715206,67,5,Žemaitkiemio,479,210
715208,67,7,Išlaužo,1172,534
715210,67,8,Naujosios Ūtos,339,138
715212,67,9,Jiestrakio,346,171
715214,67,10,Klebiškio,538,230
715216,67,11,Šilavoto,499,199
715218,67,13,Skriaudžių,1133,437
715220,67,14,Juodbūdžio,437,182
715222,67,15,Veiverių,1525,745
715224,44,2,Alksniupių,633,322
715226,43,29,Parko,1042,501
715228,43,48,Truskavos,365,175
715230,43,50,Vilainių,1033,624
715232,43,51,Žemaitės,1717,801
715234,43,52,Akademijos,547,326
715236,43,54,Dotnuvėlės,803,453
715238,42,1,Angirių,131,70
715240,42,3,Ažytėnų,251,114
715242,42,9,Josvainių,1318,689
715244,42,13,Krakių,699,333
715246,42,14,Kunionių,413,190
715248,42,40,Skaistgirių,222,115
715250,42,49,Vainikų,324,137
715252,44,1,Budraičių,228,105
715254,41,2,Butkiškės,192,106
715256,41,3,Dubėnų,274,135
715258,41,4,Gailių,278,123
715260,41,6,Janaučių,559,248
715262,41,7,Junkilų,301,127
715264,41,8,Karklėnų,350,190
715266,41,9,Centro,2445,1158
715268,41,10,A. Mackevičiaus,2662,1362
715270,41,11,Kalno,1893,1030
715272,41,13,Kolainių,310,150
715274,41,15,Kukečių,625,267
715276,41,17,Liolių,673,270
715278,44,21,Mockaičių,249,121
715280,41,23,Pakėvio,265,114
715282,41,38,Valpainių,304,131
715284,52,20,Rimšės,574,252
715286,41,39,Verpenos,426,159
715288,41,40,Vidsodžio,338,135
715290,41,41,Žalpių,242,127
715292,31,1,Minijos,3243,1670
715294,31,2,Kranto,3706,2216
715296,31,3,Vaivorykštės,2975,1505
715298,31,5,Endriejavo,940,471
715300,42,15,Šarkių,299,128
715302,42,18,Butkiškės,378,181
715304,61,26,Lyduokių,360,188
715306,51,3,Aušros,1928,1076
715308,51,4,Dauniškio,1704,910
715310,51,5,Vyturių,1438,707
715312,51,6,Centro,866,465
715314,51,8,Ąžuolijos,1930,1115
715316,51,9,Krašuonos,2037,1136
715318,52,26,Tverečiaus,345,158
715320,52,27,Vidiškių,880,365
715322,60,1,Rimkų,2897,1309
715324,60,3,Kregždutės,2511,1168
715326,60,23,Panoterių,451,181
715328,60,24,Šilų,1148,459
715330,60,26,Užusalių,2081,935
715332,46,4,Žagarės,1507,697
715334,46,7,Daunoriškės,267,105
715336,46,8,Daukšių,248,123
715338,46,11,Gataučių,450,193
715340,46,12,Kalnelio,466,200
715342,46,17,Linkaičių,280,133
715344,46,18,Maldenių,268,133
715346,46,20,Rudiškių,506,224
715348,46,22,Skaistgirio,1011,449
715350,46,23,Stungių,245,127
715352,46,24,Stupurų,236,110
715354,46,1,Žemaičių,2568,1372
715356,46,2,Livonijos,2504,1382
715358,46,3,V.Kudirkos,2403,1298
715360,46,5,Bariūnų,385,201
715362,46,27,Blauzdžiūnų,99,50
715364,42,20,Milašaičių,256,125
715366,42,22,Pramedžiavos,392,158
715368,42,23,Girkalnio,760,368
715370,42,26,Betygalos,386,195
715372,42,31,Skirmantiškės,286,141
715374,50,2,Senamiesčio,2157,1127
715376,50,3,Mikrorajono,1470,839
715378,50,5,Respublikos,2268,1166
715380,50,6,Bajorų,700,380
715382,50,7,Čedasų,153,75
715384,50,8,Kavoliškio,1297,626
715386,50,9,Skemų,546,242
715388,50,11,Kazliškio,348,180
715390,50,12,Konstantinavos,114,70
715392,50,14,Pandėlio,1107,537
715394,50,15,Juodupės,2059,914
715396,50,37,Sriubiškių,209,113
715398,50,38,Lailūnų,211,107
715400,20,52,L. Karsavino,3117,1887
715402,35,1,Daugėdų,282,152
715404,35,3,Labardžių,250,108
715406,39,11,Vižančių,284,96
715408,39,12,Pašilės,487,205
715410,37,14,Lenkimų,650,301
715412,39,17,Notėnų,261,113
715414,62,4,Rotulių,469,261
715416,62,5,Žindaičių,456,185
715418,63,28,Daukšių,191,81
715420,39,18,Šliktinės,377,151
715422,37,19,Daukšių,433,174
715424,37,20,D. Rūšupių,703,272
715426,37,21,Luknės,275,118
715428,37,22,M. Rūšupių,288,156
715430,39,24,Rukų,321,125
715432,34,17,Dapkiškių,447,248
715434,34,19,Pagramančio,503,250
715436,34,20,Mažonų,668,284
715438,34,22,Šakviečio,253,85
715440,60,20,Juškonių,317,106
715442,34,29,Eidintų,320,124
715444,62,30,Gaurės,556,242
715446,34,31,Kunigiškių,445,194
715448,62,33,Baltrušaičių,448,215
715450,34,35,Drąslaukio,510,253
715452,40,13,Buožėnų,1014,454
715454,40,14,Gedrimų,329,154
715456,40,15,Nevarėnų,582,282
715458,40,16,Mitkaičių,224,103
715460,40,19,Tryškių,986,414
715462,40,20,Kaunatavos,464,196
715464,40,21,Upynos,432,187
715466,40,22,Kirklių,262,111
715468,40,23,Luokės,655,242
715470,40,24,Viekšnalių,262,113
715472,40,25,Kuršų,304,110
715474,58,11,Tiltų,267,131
715476,58,12,Rūdiškių,1903,755
715478,58,13,Šklėrių,458,154
715480,58,14,Aukštadvario,1073,581
715482,58,15,Čižiūnų,319,159
715484,58,17,Grendavės,448,253
715486,58,22,Dusmenų,260,134
715488,58,24,Vaickūniškių,271,156
715490,58,25,Paluknio,992,503
715492,58,27,Bijūnų,337,189
715494,44,44,Eibariškių,2466,1269
715496,42,1,Prabaudos,2044,1107
715498,42,2,Stonų,2209,1160
715500,42,5,Kalnujų,501,257
715502,42,6,Pašaltuonio,168,80
715504,42,8,Slabados,342,188
715506,42,11,Pryšmančių,481,182
715508,42,12,Nemakščių,941,451
715510,42,14,Ariogalos,1271,708
715512,42,32,Vosiliškio,303,161
715514,31,21,Dauparų,1704,845
715516,31,22,Kvietinių,925,456
715518,36,23,Girkalių,640,314
715520,37,7,Salantų,1097,538
715522,44,3,Aukštelkų,1036,498
715524,44,4,Baisogalos,1706,860
715526,44,5,Beinoravos,308,132
715528,62,17,Juodaičių,262,133
715530,62,18,Armeniškių,284,144
715532,62,19,Seredžiaus,636,303
715534,62,22,Tamošių,377,155
715536,62,23,Veliuonos,694,397
715538,62,24,Stakių,367,168
715540,61,10,Bartkuškio,399,192
715542,61,11,Šiaulių,394,173
715544,61,12,Medžiukų,651,260
715546,61,13,Kernavės,369,203
715548,61,14,Musninkų,616,344
715550,61,15,Vileikiškių,303,135
715552,61,18,Motiejūnų,276,153
715554,61,19,Širvintų kaimiškoji,612,343
715556,61,20,Anciūnų,256,144
715558,61,21,Kiauklių,151,118
715560,61,22,Šešuolėlių,436,208
715562,45,12,Bazilionų,666,296
715564,46,13,Kairių,1764,899
715566,46,14,Šilėnų,425,192
715568,46,16,Meškuičių,930,484
715570,46,17,Naisių,569,305
715572,46,18,Gruzdžių,1220,612
715574,45,20,Kužių,1503,714
715576,45,21,Gilaičių,239,118
715578,45,22,Verbūnų,487,197
715580,45,24,L. Ivinskio,2103,1138
715582,45,38,Dirvonėnų,406,183
715584,45,40,Žarėnų,336,146
715586,62,1,Viešvilės,685,339
715588,62,3,Jurbarkų,1232,563
715590,54,17,Šunskų,741,305
715592,63,18,Sasnavos,872,374
715594,63,19,Puskelnių,817,429
715596,63,21,Baraginės,1200,519
715598,63,22,Patašinės,1001,493
715600,63,23,Igliškėlių,340,148
715602,63,25,Šventragio,307,150
715604,63,27,Daugirdų,186,72
715606,63,29,Padovinio,472,191
715608,63,31,Želsvos,899,434
715610,63,32,Liudvinavo,1663,736
715612,63,34,Valavičių,491,231
715614,63,35,Balsupių,790,372
715616,63,38,Meškučių,918,467
715618,62,6,Eržvilko,446,242
715620,62,7,Pašaltuonio,248,124
715622,62,8,Lybiškių,419,175
715624,62,9,Kartupių,292,137
715626,62,10,Rutkiškių,238,111
715628,62,11,Pavidaujo,272,117
715630,62,25,Raudonės,692,318
715632,62,26,Pilies,427,188
715634,62,27,Skirsnemunės,930,434
715636,62,28,Dariaus ir Girėno,2174,1062
715638,62,29,Vydūno,2220,1102
715640,62,30,Vytauto Didžiojo,1483,756
715642,62,31,Naujamiesčio,2425,1143
715644,42,35,Katauskių,381,186
715646,42,36,Žaiginio,390,177
715648,42,38,Gruzdiškės,434,229
715650,42,41,Gabšių,445,239
715652,42,45,Melioratorių,1176,620
715654,42,46,Didžiulių,233,115
715656,50,1,J. Tumo-Vaižganto,1743,975
715658,50,19,Jūžintų,606,280
715660,50,20,Laibgalių,527,272
715662,50,21,Sėlynės,243,141
715664,50,24,Duokiškio,153,97
715666,50,25,Kalvių,246,157
715668,50,28,Lašų,250,111
715670,50,30,Pakriaunių,155,71
715672,35,6,Rietavo,1499,727
715674,35,7,Sauslaukio,1151,635
715676,37,1,Skuodo,1770,913
715678,37,3,Laisvės,1472,690
715680,39,4,Aleksandrijos,461,212
715682,39,5,Kaukolikų,306,150
715684,39,6,Gėsalų,235,100
715686,39,7,Barstyčių,627,245
715688,39,10,Trumplaukės,335,148
715690,34,1,Prezidento,2201,1121
715692,34,2,J.Tumo-Vaižganto,3175,1493
715694,34,3,Tauragės,1006,507
715696,34,4,Dariaus ir Girėno,2131,1063
715698,34,6,Moksleivių,2652,1282
715700,34,10,Taurų,1677,759
715702,34,13,Sartininkų,495,189
715704,34,14,Žygaičių,739,296
715706,34,16,Aukštupių,329,167
715708,62,25,Adakavo,684,204
715710,34,26,Trepų,327,206
715712,34,27,Vaidilų,399,154
715714,40,1,Lygumų,2305,1139
715716,40,2,Masčio,2845,1505
715718,40,3,Respublikos,1337,703
715720,40,4,Žemaitės,2925,1384
715722,37,3,J.Pabrėžos,1745,921
715724,37,4,Vytauto,1839,943
715726,37,6,Kretingos,1847,932
715728,37,21,Kartenos,971,504
715730,37,23,Kurmaičių,682,261
715732,37,25,Padvarių,263,113
715734,36,26,Kretingsodžio,1400,709
715736,36,27,Rūdaičių,649,315
715738,37,29,Kūlupėnų,994,498
715740,37,30,Nasrėnų,136,88
715742,37,31,Baublių,449,191
715744,37,32,Budrių,210,101
715746,37,35,Raguviškių,351,178
715748,48,1,Adomynės,320,185
715750,48,6,Juodpėnų,197,127
715752,48,11,Lukonių,343,152
715754,48,13,Naivių,233,121
715756,48,14,Noriūnų,1074,477
715758,48,16,Rudilių,348,161
715760,48,20,Subačiaus,1145,569
715762,64,12,Bebruliškės,345,134
715764,64,13,Būdos,297,142
715766,70,1,Avižienių,514,255
715768,70,4,Būdviečio,264,127
715770,70,7,A. Kirsnos,445,183
715772,70,8,Kirsnos,299,155
715774,70,9,Krikštonių,242,132
715776,70,10,Krosnos,623,249
715778,70,12,Kučiūnų,511,218
715780,70,33,Varnėnų,331,148
715782,39,13,Sedos,1367,668
715784,39,14,Žemalės,445,207
715786,39,15,Šerkšnėnų,427,217
715788,38,17,Tirkšlių,1984,991
715790,39,18,Balėnų,622,250
715792,39,19,Užlieknės,394,164
715794,38,20,Buknaičių,292,151
715796,38,21,Leckavos,268,108
715798,38,22,Auksūdžio,297,172
715800,38,4,Gabijos,2854,1376
715802,38,6,Reivyčių,2299,1262
715804,38,7,Pavasario,3283,1719
715806,38,9,Pavenčių,1944,955
715808,38,10,Sodų,3026,1450
715810,38,12,Ventos,3335,1561
715812,38,31,Krakių,862,384
715814,58,11,Semeliškių,865,329
715816,1,6,Vytauto,2573,1683
715818,1,7,Birutės,1870,1217
715820,1,8,Pamėnkalnio,2250,1540
715822,2,12,S. Konarskio,3170,2085
715824,2,13,Mindaugo,2168,1449
715826,2,15,Vytenio,2810,1787
715828,2,16,Žemaitės,3670,2114
715830,2,17,Algirdo,4079,2336
715832,14,457,Naujininkų,2776,1214
715834,14,458,Brolių,2707,1205
715836,1,52,Užupio,2762,1810
715838,6,54,A. Juozapavičiaus,3062,1823
715840,5,55,Didlaukio,2934,1700
715842,6,56,Licėjaus,4254,2350
715844,6,59,Konstitucijos,4046,2404
715846,1,60,Senamiesčio,1933,1339
715848,1,62,Naugarduko,3127,1998
715850,1,66,M. Daukšos,2988,1715
715852,12,203,Baltupių,4149,2574
715854,3,102,Olandų,1532,963
715856,3,104,L. Sapiegos,2867,1862
715858,3,105,Šilo,3775,2412
715860,3,107,Antakalnio,2793,1727
715862,3,109,Švyturio,3325,1909
715864,3,111,B. Sruogos,3953,2661
715866,3,112,Saulėtekio,1878,1450
715868,14,115,Markučių,4116,2251
715870,12,201,Popieriaus,4106,2244
715872,12,24,Muitininkų,3579,2507
715874,4,152,Kareivių,1712,900
715876,58,44,Kilimų,1811,904
715878,66,20,Akademijos,2119,1471
715880,66,21,Ringaudų,2470,1573
715882,66,26,Nemuno,801,395
715884,66,28,Šlienavos,2462,968
715886,66,29,Girionių,1858,971
715888,66,30,Taurakiemio,1535,786
715890,64,38,Zapyškio,1502,805
715892,43,8,Gudžiūnų,384,180
715894,43,10,Kalnaberžės,319,161
715896,43,12,Keleriškių,713,348
715898,43,18,Liaudies,2947,1597
715900,43,19,Mantviliškio,250,118
715902,43,22,Naujoji,1617,878
715904,43,25,Okainių,271,110
715906,43,27,Pagirių,342,166
715908,69,25,Dargužių,268,148
715910,69,27,Pušelės,493,260
715912,69,28,Gudžių,323,153
715914,69,29,Nedzingės,217,90
715916,69,34,Vydenių,646,275
715918,69,36,Parko,2322,1112
715920,68,9,Bartninkų,821,279
715922,68,11,Pašeimenių,286,121
715924,68,13,Gižų,696,321
715926,68,14,Bačkiškių,355,139
715928,68,15,Karklinių,506,246
715930,68,16,Keturvalakių,324,173
715932,68,17,Gudkaimio,469,233
715934,68,18,Lauckaimio,351,141
715936,68,38,Gražiškių,597,268
715938,68,39,Girėnų,293,118
715940,68,40,Vištyčio,420,233
715942,68,42,Pūstapėdžių,431,192
715944,31,6,Judrėnų,477,211
715946,31,7,Žadeikių,211,102
715948,31,9,Pėžaičių,491,195
715950,31,10,Šalpėnų,295,155
715952,36,24,Kretingalės,1327,553
715954,36,25,Plikių,993,486
715956,31,26,Drevernos,545,246
715958,36,27,Kalotės,2068,1083
715960,31,28,Venckų,546,263
715962,24,29,Jakų,1446,790
715964,37,1,Parko,1566,867
715966,37,2,M.Daujoto,1770,1004
715968,56,23,Rūdninkų,438,263
715970,4,154,Miestelio,1840,958
715972,4,156,Raitininkų,2679,1824
715974,4,157,Sporto,2214,1269
715976,4,159,Rinktinės,1732,1027
715978,4,160,Tuskulėnų,2683,1576
715980,4,162,Minties,2780,1450
715982,4,166,Kalvarijų,3002,1645
715984,5,205,Fabijoniškių,4059,2235
715986,5,206,Jovaro,3180,1720
715988,5,207,S. Stanevičiaus,3125,1716
715990,51,10,Daugailių,434,202
715992,51,12,Juknėnų,163,75
715994,51,13,Kuktiškių,595,296
715996,51,14,Leliūnų,494,286
715998,51,15,Antalgės,959,460
716000,51,16,Pakalnių,907,439
716002,51,17,Saldutiškio,406,216
716004,64,2,Varpo,1723,973
716006,64,3,Aušros,1120,626
716008,64,4,Barzdų,371,186
716010,64,5,Baltrušių,285,136
716012,64,6,Būblelių,278,134
716014,64,7,Panovių,371,169
716016,64,8,Gelgaudiškio,1964,867
716018,64,9,Plokščių,627,272
716020,64,10,Griškabūdžio,1130,458
716022,64,11,Degutinės,228,106
716024,64,16,Kidulių,1158,548
716026,64,17,Voverių,395,170
716028,65,54,Muniškių,1132,510
716030,64,34,Giedručių,740,402
716032,64,35,Ritinių,337,136
716034,64,36,Girėnų,777,428
716036,68,38,Kudirkos Naumiesčio,1216,606
716038,56,1,Šalčininkų,2041,1009
716040,56,2,Centrinė miesto,2198,1149
716042,56,3,Parko,1599,616
716044,56,4,Šalčininkėlių,761,329
716046,56,5,Zavišonių,549,259
716048,56,6,Gerviškių,329,198
716050,56,29,Poškonių,490,276
716052,56,30,Dieveniškių,886,477
716054,56,33,Milkūnų,263,154
716056,56,34,Baušių,358,162
716058,56,11,Jančiūnų,321,208
716060,56,13,Jurzdikos,531,327
716062,56,14,Gornostajiškių,554,280
716064,53,12,Šventos,339,174
716066,53,14,Svirkų,581,253
716068,53,15,Adutiškio,706,375
716070,53,19,Švenčionių,1686,813
716072,53,20,Liepų,1776,827
716074,53,21,Cirkliškio,625,292
716076,53,26,Pavoverės,590,222
716078,53,27,Sarių,309,186
716080,53,28,Strūnaičio,377,209
716082,53,29,Vidutinės,462,203
716084,53,1,Švenčionėlių,1992,1001
716086,41,4,Bilionių,295,167
716088,34,7,Didkiemio,198,99
716090,41,8,Gineikių,300,154
716092,41,10,Iždonų,203,119
716094,34,11,Jomantų,474,214
716096,41,13,Kaltinėnų,943,475
716098,41,14,Kvėdarnos,1792,947
716100,41,15,Laukuvos,1249,601
716102,32,4,Politechnikos,1613,784
716104,32,5,Tilžės,2204,1103
716106,32,6,Rusnės,1127,585
716108,32,10,Pagrynių,1727,811
716110,32,11,Traksėdžių,1125,517
716112,32,13,Juknaičių,1076,515
716114,32,21,Saugų,1153,506
716116,32,23,Vilkyčių,983,390
716118,32,29,Usėnų,850,369
716120,66,53,S. Lozoraičio,1946,907
716122,32,16,Grabupių,586,285
716124,32,17,Macikų,705,291
716126,32,18,Naujakurių,1850,968
716128,39,24,Naujamiesčio,872,565
716130,61,28,Pabaisko,699,304
716132,61,32,Antakalnio,361,149
716134,49,34,Laičių,466,198
716136,61,35,Veprių,812,418
716138,41,25,Ligoninės,964,551
716140,51,1,Aukštakalnio,1732,924
716142,51,2,Taikos,2118,1158
716144,51,18,Kirdeikių,226,128
716146,51,19,Sudeikių,545,285
716148,51,20,Sirutėnų,559,302
716150,51,21,Tauragnų,925,470
716152,51,23,Biliakiemio,643,344
716154,51,25,Užpalių,815,438
716156,51,26,Kaniukų,260,152
716158,51,27,Vilučių,134,82
716160,51,28,Vyžuonų,878,483
716162,51,30,Naujasodžio,1880,1031
716164,64,19,Sudargo,619,250
716166,64,20,Kriūkų,695,324
716168,64,21,Gerdžiūnų,531,224
716170,64,22,Lekėčių,815,416
716172,64,23,Mikytų,335,153
716174,64,24,Lukšių,1270,621
716176,64,25,Liepalotų,492,238
716178,64,27,Veršių,400,210
716180,64,29,Žvirgždaičių,398,185
716182,64,30,Slavikų,472,219
716184,64,31,Gotlybiškių,411,178
716186,56,8,Sėlų,391,207
716188,56,9,Čiužiakampio,541,278
716190,56,20,Jašiūnų,2226,1225
716192,56,21,Geležinkelio,458,228
716194,56,22,Keidžių,293,149
716196,56,24,Baltosios Vokės,952,703
716198,56,25,Turgelių,931,459
716200,56,26,Skynimų,348,166
716202,56,28,Akmenynės,535,398
716204,56,15,Kalesninkų,757,397
716206,56,16,Purvėnų,564,291
716208,56,17,Dainavos,580,335
716210,56,37,Tausiūnų,165,106
716212,53,7,Reškutėnų,190,114
716214,53,8,Trūdų,533,271
716216,53,9,Zadvarninkų,443,231
716218,53,10,Milkuškų,280,147
716220,53,2,Ateities,1942,1065
716222,53,3,Kaltanėnų,323,207
716224,53,17,Pabradės,1422,546
716226,53,18,Kranto,2615,1036
716228,53,22,Magūnų,286,126
716230,44,28,Rūmų,2274,1022
716232,44,29,Lizdeikos,2553,1266
716234,44,30,Raudondvario,674,290
716236,44,31,Sidabravo,1077,455
716238,44,32,Skėmių,365,154
716240,44,33,Šaukoto,613,269
716242,44,34,Šeduvos,2052,990
716244,44,36,Šiaulėnų,821,331
716246,44,37,Šniūraičių,463,198
716248,44,38,Tyrulių,555,256
716250,44,41,Vėriškių,467,195
716252,32,37,Žemaičių Naumiesčio,903,456
716254,32,38,Degučių,612,306
716256,32,24,Stubrių,202,111
716258,61,1,Širvintų m.,2255,1194
716260,61,2,I.Šeiniaus,2889,1701
716262,61,3,Juodiškių,291,127
716264,34,9,Melioratorių,1082,577
716266,61,6,Virvyčių,221,127
716268,61,7,Bagaslaviškio,299,164
716270,61,24,Kielių,372,171
716272,45,4,Voveriškių,953,529
716274,45,5,Gegužių,1368,717
716276,45,6,Aukštelkės,1846,969
716278,46,1,Ginkūnų,3018,1531
716280,46,2,Bridų,1571,833
716282,45,7,Pakapės,670,282
716284,45,9,Bubių,1108,587
716286,45,11,Kurtuvėnų,675,317
716288,45,25,Centro,992,518
716290,45,26,Gedimino,2170,1069
716292,45,27,Pušyno,1404,721
716294,45,28,Pavenčių,1126,597
716296,45,31,Varputėnų,210,99
716298,45,32,Gergždelių,204,99
716300,45,33,Pakumulšių,346,168
716302,45,35,Romučių,216,88
716304,45,37,Raudėnų,469,214
716306,62,12,Girdžių,559,248
716308,62,13,Vadžgirio,540,242
716310,62,14,Šimkaičių,277,130
716312,62,15,Paulių,226,115
716314,15,70,P. Plechavičiaus,3293,1801
716316,15,71,K. Škirpos,3535,1840
716318,16,78,Partizanų,2805,1454
716320,16,80,Dainavos,2729,1402
716322,16,82,Sartų,2301,1153
716324,16,83,A. Timinskio,2212,1010
716326,16,86,Atžalyno,3174,1583
716328,17,91,Taikos,1987,1091
716330,17,92,Vyturio,2176,1248
716332,17,96,Dujotiekio,2590,1315
716334,17,97,Girstučio,1767,886
716336,1,4,Sėlių,2116,1405
716338,13,214,Pavilnionių,3667,1817
716340,13,215,Bajorų,3700,2063
716342,13,216,J. Baltrušaičio,2906,1761
716344,8,312,Vydūno,3654,2147
716346,61,5,Čiobiškio,367,181
716348,12,53,A. Krutulio,3776,2225
716350,30,1,Amatų,1142,692
716352,30,2,A. Ramanausko-Vanago,1361,786
716354,30,3,Centro,1470,812
716356,30,10,Vilties,1747,784
716358,30,18,Vidzgirio,2650,1294
716360,55,2,Riešės 1-oji,1700,1199
716362,57,3,Buivydžių,716,392
716364,55,4,Buivydiškių,2287,1371
716366,55,5,Platiniškių,1213,729
716368,55,44,Sudervės 1-oji,1478,715
716370,57,45,Sužionių,543,263
716372,57,46,Veriškių,533,256
716374,57,47,Skirlėnų,328,175
716376,57,54,Kreivalaužių,867,426
716378,57,7,Bezdonių 1-oji,1416,771
716380,56,17,Šumsko,1095,529
716382,57,18,Mostiškių,752,311
716384,57,19,Lavoriškių,1099,557
716386,57,24,Mickūnų 1-oji,1655,741
716388,57,12,Kyviškių,1207,525
716390,60,12,Lietavos,2075,1037
716392,60,13,Baldininkų,943,431
716394,60,14,Ruklos,1657,462
716396,60,15,Bukonių,531,241
716398,60,16,Liepių,501,196
716400,60,17,Batėgalos,455,202
716402,60,21,Kuigalių,375,119
716404,69,38,Šilo,2284,1237
716406,68,23,Daržininkų,304,148
716408,68,31,Pilviškių,1779,763
716410,68,1,Vilkaviškio rytų,2123,1134
716412,68,2,Vilkaviškio pietų,2237,1113
716414,68,3,Vilkaviškio vakarų,1778,934
716416,68,4,Vilkaviškio šiaurės,2637,1393
716418,68,5,Kybartų rytų,1718,726
716420,68,6,Kybartų vakarų,1691,754
716422,68,7,Virbalio,1228,557
716424,68,24,Klausučių,536,235
716426,68,26,Karalkrėslio,347,148
716428,68,27,Pajevonio,533,242
716430,68,28,Alksnėnų,332,130
716432,68,29,Opšrūtų,246,100
716434,68,30,Paežerių,488,201
716436,68,33,Alvito,1000,459
716438,68,37,Uosių,580,296
716440,55,6,Čekoniškių,1487,826
716442,55,13,Dūkštų,1170,585
716444,55,20,Maišiagalos,1439,725
716446,55,21,Karvio,1034,536
716448,57,30,Rudausių,817,348
716450,55,32,Eitminiškių,694,299
716452,55,33,Paberžės,1592,662
716454,55,34,Glitiškių,531,225
716456,55,35,Visalaukės,475,195
716458,55,36,Didžiosios Riešės 1-oji,2000,1322
716460,23,60,Molo,866,428
716462,22,62,Jūreivių,120,94
716464,23,63,Prekybos uosto,2612,1161
716466,23,64,S. Daukanto,898,456
716468,22,65,Kuršių,1545,787
716470,23,66,Politechnikos,1234,628
716472,24,21,Klaipėdos Vandens,3559,1516
716474,24,22,Rumpiškių,1326,565
716476,24,23,Aitvaro,2493,1071
716478,24,27,Draugystės,2581,1071
716480,24,29,Švyturio,1630,738
716482,24,33,Aušros,919,423
716484,24,35,Nykštuko,1738,793
716486,24,37,Gedminų,2166,1036
716488,24,38,Vėtrungės,1946,896
716490,56,23,Parudaminio,841,420
716492,57,27,Nemėžio 1-oji,2020,996
716494,57,28,Skaidiškių 1-oji,2051,842
716496,57,38,Rudaminos 1-oji,1993,957
716498,57,39,Kalviškių,832,423
716500,11,40,Valčiūnų,1722,779
716502,71,66,Ambasada Kroatijoje,42,37
716504,56,41,Rukainių,1367,677
716506,11,48,Mažųjų Lygainių,447,202
716508,11,49,Juodšilių,2036,983
716510,50,2,Antazavės,412,225
716512,50,3,Šniukštų,248,129
716514,50,4,Baibių,350,170
716516,50,5,Degučių,276,126
716518,50,6,Avilių,283,149
716520,63,8,Geištarų,1125,544
716522,63,9,Miroslavo,1148,575
716524,63,12,Parėčėnų,480,215
716526,63,15,Vankiškių,412,200
716528,63,16,Simno,1264,612
716530,63,17,Mergalaukio,328,157
716532,63,18,Kalesninkų,264,137
716534,67,32,Eičiūnų,409,168
716536,67,33,Pivašiūnų,559,265
716538,67,35,Junčionių,304,163
716540,69,38,Daugų,1480,804
716542,69,41,Rimėnų,477,227
716544,49,5,Piktagalio,412,181
716546,49,6,Ažuožerių,434,192
716548,49,7,Elmos,910,458
716550,49,8,Burbiškio,466,243
716552,49,9,Šlavėnų,381,153
716554,49,11,Leliūnų,295,166
716556,49,12,Kavarsko,665,345
716558,49,13,Dabužių,199,72
716560,49,14,Janušavos,479,214
716562,49,15,Svirnų,311,134
716564,49,16,Šerių,241,94
716566,49,17,Šovenių,100,59
716568,49,31,Surdegio,267,123
716570,49,32,Nausodės,155,65
716572,49,33,Raguvėlės,298,166
716574,8,370,Kriaučiūnų,562,317
716576,49,34,Levaniškių,234,108
716578,49,35,Traupio,315,157
716580,49,36,Andrioniškio,330,179
716582,49,37,Viešintų,555,272
716584,48,1,Atžalyno,1849,887
716586,48,2,Rotušės,1156,607
716588,48,3,Aušros,2015,1103
716590,48,5,Kaštonų,2262,1162
716592,48,21,Kupreliškio,247,117
716594,48,22,Kvetkų,254,101
716596,48,24,Medeikių,466,199
716598,48,25,Parovėjos,654,313
716600,48,27,Ančiškių,214,91
716602,48,28,Jasiuliškių,234,114
716604,48,29,Meilūnų,267,142
716606,48,32,Vabalninko,747,393
716608,69,2,Žilinų,403,176
716610,69,3,Dubičių,343,132
716612,28,24,Vandentiekio,2026,999
716614,33,26,J.Miltinio,2359,1201
716616,33,28,Beržų,3184,1430
716618,33,29,Ramygalos,1516,754
716620,27,2,Medelyno,3899,2292
716622,27,3,Purienų,1765,939
716624,27,5,M.K.Čiurlionio,1482,811
716626,27,8,Vijolių,2224,1097
716628,27,9,Jovaro,2986,1758
716630,27,11,Varpo,2086,1098
716632,26,35,Senojo Bokšto,2207,1102
716634,69,6,Pirmo Alytaus,2681,1580
716636,30,12,Putinų,1743,915
716638,67,1,Birštono m.,2236,1362
716640,67,2,Birštono vienkiemio,710,384
716642,67,3,Nemajūnų,628,290
716644,70,1,Senamiesčio,1366,751
716646,70,2,Naujamiesčio,1203,722
716648,70,3,Atgimimo,1478,903
716650,70,4,Kloniškių,1805,872
716652,70,5,Kalviškės,2855,1598
716654,70,6,Eglės,1422,726
716656,44,22,Pagryžuvio,620,306
716658,70,7,Ratnyčios,1146,601
716660,70,8,Grūto,239,131
716662,70,9,Švendubrės,240,117
716664,70,11,Neravų,1038,558
716666,70,12,Leipalingio,1718,808
716668,70,13,Lipliūnų,184,87
716670,54,1,Kvietiškio,2724,1364
716672,54,2,Narto,1825,1039
716674,54,4,Tarpučių,3666,1761
716676,54,6,Mokolų,2628,1376
716678,54,7,Degučių,2766,1464
716680,54,8,Suvalkiečių,1856,852
716682,54,10,Kauno,1783,826
716684,54,11,Dariaus ir Girėno,2137,1076
716686,54,12,Beržų,1212,545
716688,54,15,Centro,1865,899
716690,54,16,Mokolų kaimo,1346,619
716692,19,19,Universiteto,2514,1609
716694,65,23,Raudondvario,1660,957
716696,66,14,Ilgakiemio,864,428
716698,66,15,Teleičių,2017,1205
716700,16,17,Ramučių,1359,766
716702,16,18,Neveronių,1317,649
716704,19,13,Linkuvos,2399,1233
716706,49,34,Velžio,2455,1415
716708,41,6,Biržų Lauko,442,228
716710,68,10,Lakštučių,453,199
716712,68,19,Matlaukio,489,213
716714,48,6,Anglininkų,230,94
716716,51,11,Radeikių,395,193
716718,51,22,Pačkėnų,721,344
716720,69,33,Krivilių,306,147
716722,64,13,Paluobių,376,177
716724,64,28,Keturnaujienos,275,129
716726,35,4,Medingėnų,367,156
716728,53,2,Žalvarių,365,200
716730,53,18,Liepų,2874,1469
716732,47,18,Lygumų,486,212
716734,5,68,Gerviškių,2422,1511
716736,3,113,Valakupių,2599,1468
716738,47,22,Mikoliškio,146,60
716740,27,37,Aido,1873,1066
716742,27,38,Lyros,2032,1054
716744,27,39,Architektų,1876,1000
716746,45,41,Šventupio,3464,1812
716748,52,1,Draugystės,1735,572
716750,52,2,Gerosios Vilties,1781,587
716752,52,6,Atgimimo,1191,478
716754,52,9,Ateities,1808,655
716756,52,3,Auksinio raktelio,1306,521
716758,39,9,Kairiškių,255,103
716760,39,16,Papilės,1186,586
716762,39,18,Sablauskių,323,162
716764,39,15,Pavenčio,1219,583
716766,67,2,Mikutiškių,750,361
716768,63,21,Verebiejų,438,216
716770,63,23,Krokialaukio,661,328
716772,63,24,Ūdrijos,542,233
716774,63,25,Santaikos,425,240
716776,67,26,Punios,495,290
716778,67,28,Vaisodžių,1208,512
716780,67,29,Žagarių,182,103
716782,67,30,Butrimonių,999,444
716784,69,44,Alytaus,1158,547
716786,69,46,Alovės,680,418
716788,69,47,Ilgų,326,152
716790,69,48,Makniūnų,339,150
716792,49,1,Senamiesčio,2470,1372
716794,49,2,Janydžių,1266,698
716796,49,3,Ažupiečių,1496,802
716798,49,4,Liudiškių,2271,1180
716800,49,18,Kurklių,375,199
716802,49,19,Kurklių II k.,233,110
716804,49,20,Staškūniškio,322,153
716806,49,21,Katlėrių,275,128
716808,50,42,Panemunėlio,292,157
716810,23,59,Girulių,593,334
716812,49,22,Skiemonių,349,155
716814,49,23,Mačionių,219,118
716816,49,25,Aulelių,272,118
716818,49,26,Svėdasų,1043,563
716820,49,27,Vaitkūnų,218,120
716822,49,28,Troškūnų,992,393
716824,21,10,Žiemgalių,4554,2376
716826,49,30,Vašuokėnų,130,48
716828,48,8,Nausėdžių,293,137
716830,48,11,Germaniškio,359,165
716832,48,12,Nemunėlio Radviliškio,767,353
716834,48,16,Pačeriaukštės,337,148
716836,48,17,Pasvaliečių,371,160
716838,48,19,Kučgalio,229,124
716840,69,5,Kabelių,299,165
716842,69,11,Matuizų,1100,506
716844,69,15,Merkinės,1254,712
716846,52,9,Salako,722,336
716848,50,12,Dimitriškių,479,220
716850,50,15,Štadvilių,512,243
716852,52,6,Dūkšto,1125,509
716854,52,9,Ignalinos Centro,2972,1542
716856,52,10,Ignalinos,1223,646
716858,52,12,Kazitiškio,651,299
716860,52,13,Kazokinės,601,279
716862,60,4,Bibliotekos,1672,899
716864,60,6,Senamiesčio,2333,1080
716866,60,7,Saulutės,1642,742
716868,3,122,Kairėnų,2283,1377
716870,4,167,S. Žukausko,2522,1706
716872,4,168,Žygio,2788,1574
716874,60,8,Mokyklos,1231,563
716876,60,9,Ateities,1459,702
716878,60,11,Lakštingalų,1597,921
716880,5,208,Kaimelio,2537,1350
716882,5,209,L. Giros,3109,1816
716884,5,211,Gedvydžių,2660,1493
716886,12,212,Rugių,4152,2624
716888,7,253,Lūžių,2432,1256
716890,7,254,Mokslo,3498,1850
716892,6,255,Čiobiškio,2992,1476
716894,6,257,Dūkštų,2227,1191
716896,6,259,Ukmergės,3241,1666
716898,6,261,Paberžės,2602,1408
716900,5,262,Gelvonų,3425,1791
716902,7,301,Rygos,3201,1630
716904,7,302,Taikos,3861,2049
716906,7,304,M. Biržiškos,3222,1783
716908,7,305,Statybininkų,2797,1410
716910,7,306,Sietuvos,3194,1733
716912,13,308,Medeinos,3072,1573
716914,13,309,Pašilaičių,3289,1954
716916,8,311,Įsruties,4109,2439
716918,8,310,Papilėnų,3968,2329
716920,9,352,Sausio 13-osios,2476,1361
716922,9,353,Bokšto,2651,1352
716924,9,356,L. Asanavičiūtės,2480,1259
716926,9,357,V. Druskio,2144,1062
716928,9,358,R. Jankausko,1691,885
716930,30,20,Topolių,1582,788
716932,30,23,Jurgiškių,2385,1203
716934,30,24,Likiškėlių,3135,1558
716936,30,5,Santaikos,1077,524
716938,63,41,Gavaltuvos,280,124
716940,21,2,Sargėnų,4621,2580
716942,21,3,Vėtrungės,2958,1667
716944,21,4,Rasytės,2781,1518
716946,21,5,Šarkuvos,3931,2092
716948,21,7,Žemaičių,3675,1899
716950,21,11,Milikonių,2200,1263
716952,12,199,Žaliųjų Ežerų,2620,1507
716954,13,218,Perkūnkiemio,4160,2374
716956,13,219,Grigalaukio,3228,1951
716958,19,12,Demokratų,1804,1006
716960,19,15,Sąjungos,2802,1355
716962,19,16,Dobilo,2561,1140
716964,19,19,Seredžiaus,1481,695
716966,19,21,Veršvų,4650,2358
716968,19,24,Kaniūkų,1800,1032
716970,18,28,Veiverių,1585,812
716972,21,121,Ąžuolo,3383,1801
716974,19,127,Romainių,2449,1432
716976,20,37,A. Mackevičiaus,1002,584
716978,20,40,Radvilėnų,1960,1222
716980,20,42,J. Jablonskio,1710,1135
716982,20,43,Aušros,2053,1283
716984,20,45,Senojo tresto,2617,1486
716986,20,49,Miško,2864,1735
716988,17,94,Studentų,2442,1331
716990,70,26,Verstaminų,294,146
716992,20,50,Jonavos,727,392
716994,17,98,Pašilės,2726,1573
716996,17,111,Nemuno,1975,1067
716998,18,107,Drobės,2058,1001
717000,18,108,Skuodo,2148,1105
717002,20,109,Žiburio,2912,1594
717004,17,114,Šilo,3075,1508
717006,18,120,Vičiūnų,2009,1132
717008,18,123,Vaišvydavos,3166,1868
717010,18,29,Birutės,4168,2537
717012,23,1,Gimnazijos,3049,1646
717014,23,4,Danės,1036,591
717016,23,6,Dviračių Treko,2198,1183
717018,23,7,Kretingos,1884,974
717020,22,9,Muzikos Centro,1138,594
717022,22,10,Žaliakalnio,982,503
717024,23,15,Tauralaukio,4305,2284
717026,23,16,Baltikalnio,1315,633
717028,2,409,Gerosios Vilties,2777,1293
717030,24,19,Vilties,1529,658
717032,24,20,Pingvinuko,1432,609
717034,20,54,Algirdo,2418,1363
717036,15,56,Purienų,3044,1716
717038,15,58,Žeimenos,3843,2026
717040,20,61,Gerovės,3766,1902
717042,20,63,Aukštaičių,4148,2376
717044,15,65,Vaidilutės,1447,767
717046,15,67,S. Žukausko,3234,1693
717048,61,12,Linų,2331,1214
717050,61,23,Deltuvos,1496,672
717052,61,30,Šešuolių,578,271
717054,49,40,Žemaitkiemio,507,243
717056,36,30,Slengių,3651,1786
717058,53,4,Labanoro,211,154
717060,56,10,Butrimonių,624,334
717062,33,4,Paliūniškio,551,316
717064,33,8,Daukniūnų,571,230
717066,47,13,Gulbinėnų,156,77
717068,47,22,Rinkūnų,260,93
717070,47,24,Mikoliškio,443,198
717072,47,28,Raubonių,510,231
717074,47,35,Vaškų,646,292
717076,51,31,Smėlio,1705,771
717078,53,24,Karkažiškės,450,128
717080,25,45,Menų mokyklos,1736,795
717082,25,54,Želmenėlio,2661,1129
717084,25,55,Brožynų,2983,1225
717086,25,56,Laukininkai,3477,1549
717088,25,58,Berželio,3387,1446
717090,25,67,Volungėlės,2437,1136
717092,25,68,Bandužių,3451,1493
717094,22,14,Sulupės,2226,925
717096,22,40,Pamario,3306,1448
717098,22,50,Smiltelės,2977,1424
717100,22,51,Alksnynės,3060,1470
717102,22,1,Kopų,2455,1284
717104,63,4,Miklusėnų,1276,737
717106,63,6,Luksnėnų,1053,477
717108,8,360,Sietyno,2209,1112
717110,8,361,A. P. Kavoliuko,2629,1341
717112,8,362,V. Vaitkaus,1884,1070
717114,8,363,A. J. Povilaičio,1930,987
717116,9,364,Laisvės,2350,1231
717118,22,2,Smėlio,1586,802
717120,22,3,Pušų,751,411
717122,36,1,Kaštonų,1510,830
717124,36,2,Ateities,3369,1758
717126,36,3,Saulės,4032,2278
717128,36,4,Vilniaus,1587,870
717130,36,5,Aikštės,3346,1803
717132,36,7,Jūros,1694,821
717134,28,1,Geležinkelio,2910,1575
717136,28,3,Šiaulių,2436,1155
717138,28,5,Šermukšnių,2505,1174
717140,28,6,V. Žemkalnio,1702,701
717142,28,8,Laisvės,1763,918
717144,28,9,Poliklinikos,1943,990
717146,28,11,Danutės,1832,975
717148,28,12,Tulpių,2267,1110
717150,29,13,Pilėnai,3147,1706
717152,29,14,Nemuno,4482,2420
717154,29,16,Šermuto,3359,1800
717156,29,17,Parko,2434,1119
717158,29,18,Dariaus ir Girėno,2732,1404
717160,29,19,A. Lipniūno,4231,2017
717162,29,22,Statybininkų,2390,1235
717164,27,13,J.Janonio,2495,1276
717166,27,18,Kražių,1788,968
717168,27,24,Ragainės,1667,966
717170,26,20,Linkuvos,2183,1023
717172,26,22,Zoknių,2072,896
717174,26,23,Pabalių,1697,1020
717176,26,27,Verduliukų,2696,1382
717178,16,16,Karmėlavos,1226,667
717180,20,36,Maironio,1606,937
717182,27,29,Žaliūkių,2101,1170
717184,26,31,S.Dariaus ir S.Girėno,2140,978
717186,26,33,Lieporių,2849,1565
717188,26,44,Rėkyvos,4282,2156
717190,26,34,Beržyno,2086,1106
717192,52,7,Vilties šaltinio,1212,425
717194,52,8,Gintarėlio,1602,581
717196,52,10,Žiburio,1944,724
717198,39,2,V. Kudirkos,1661,756
717200,39,3,Respublikos,1583,697
717202,39,6,Akmenės 1-oji,1924,1021
717204,39,7,Alkiškių,349,183
717206,67,3,Genių,387,204
717208,1,2,Gedimino,3363,1908
717210,52,18,N. Daugėliškio,906,470
717212,8,369,Pilaitės,2471,1539
717214,11,48,Trakų Vokės,3870,2067
717216,11,78,Liudvinavo,3250,1714
717218,2,401,Vingio,2292,1208
717220,2,403,Geležinio Vilko,1745,750
717222,2,407,Skroblų,2818,1533
717224,9,410,Riešuto,2923,1597
717226,11,411,Titnago,3492,1557
717228,11,412,Aukštųjų Panerių,1137,466
717230,9,414,Akacijų,2167,1136
717232,9,415,Oslo,4201,2334
717234,9,416,Žėručio,2513,1426
717236,9,417,Paparčio,2783,1397
717238,14,451,Salininkų,3508,1498
717240,14,453,Dzūkų,2875,1262
717242,14,454,Kapsų,1735,750
717244,14,456,Kaminkelio,2617,1161
717246,14,460,Kirtimų,1343,546
717248,10,461,Palydovo,2545,1176
717250,10,462,Rugiagėlių,2294,946
717252,10,463,A. Kojelavičiaus,1531,560
717254,10,465,Genių,1431,556
717256,10,466,Pergalės,2940,1322
717258,10,467,Darželio,1744,658
717260,10,469,J. Kolaso,2731,1497
717262,10,470,Parko,3567,1499
717264,10,471,Pramonės,1496,497
717266,14,50,Melioratorių,3323,1555
717268,11,25,Kauno Vokės,3003,1213
717270,11,26,Kunigiškių,2899,1197
717272,11,27,Šviesos,2243,979
717274,46,28,Jakiškių,153,65
717276,46,29,Jauniūnų,214,93
717278,46,30,Maželių,106,65
717280,46,31,Mekių,144,66
717282,46,32,Skilvionių,111,60
717284,46,33,Ziniūnų,225,125
717286,63,1,Kalvarijos Vakarinė,1603,717
717288,63,2,Kalvarijos Rytinė,1572,659
717290,63,3,Jungėnų,1009,394
717292,63,4,Brukų,256,101
717294,63,5,Sūsninkų,251,108
717296,59,2,Gedimino,1233,656
717298,59,3,Girelės,2327,1251
717300,59,4,Lomenos,2144,1181
717302,71,47,Generalinis konsulatas San Paule,155,46
717304,59,5,Kruonio,889,376
717306,59,6,Kalvių,363,183
717308,59,7,Vilūnų,395,183
717310,59,8,Darsūniškio,348,147
717312,59,9,Ringailių,301,148
717314,59,12,Stoniavos,672,347
717316,59,22,Tauckūnų,573,269
717318,59,23,Palomenės,581,284
717320,59,24,Zūbiškių,322,167
717322,59,25,Paparčių,536,200
717324,59,26,Rumšiškių,2042,1098
717326,59,27,Pravieniškių,1121,506
717328,59,28,Dovainonių,757,406
717330,59,29,Antakalnio,589,275
717332,65,24,Batniavos,981,490
717334,65,34,Vandžiogalos,1168,553
717336,65,35,Padauguvos,303,149
717338,65,36,Saulėtekių,532,213
717340,65,45,Kulautuvos,1254,782
717342,65,48,Žalgirio,1705,1037
717344,66,1,Mastaičių,1916,1108
717346,66,2,Pažėrų,787,375
717348,66,13,Juragių,787,350
717350,64,39,Altoniškių,780,280
717352,64,40,Ežerėlio,1311,651
717354,66,41,Garliavos,1981,1058
717356,66,42,Liepų,1788,997
717358,66,43,Jonučių,1724,960
717360,64,44,Kačerginės,635,423
717362,66,47,Linksmakalnio,510,227
717364,66,49,Meno mokyklos,1624,912
717366,65,50,Mokyklos,802,405
717368,43,2,Aristavos,488,227
717370,43,4,Babėnų,2228,1244
717372,43,6,Vikaičių,361,162
717374,43,7,Dotnuvos,1043,485
717376,43,33,Pergalės,2174,1184
717378,43,35,Petkūnų,141,71
717380,43,36,Radvilų,1864,1021
717382,43,38,Senamiesčio,979,582
717384,43,39,Sirutiškio,339,188
717386,43,41,Smilgos,1410,898
717388,43,42,Statybininkų,1051,406
717390,43,43,Surviliškio,404,232
717392,43,44,Šėtos,812,380
717394,43,45,Šlapaberžės,458,225
717396,43,46,Taikos,2029,1076
717398,43,47,Tiskūnų,709,339
717400,43,15,Labūnavos,644,355
717402,42,17,Langakių,265,146
717404,42,21,Meironiškio,287,129
717406,43,24,Nociūnų,520,227
717408,42,26,Paaluonio,183,96
717410,42,28,Pajieslio,329,152
717412,24,30,Olimpijos,1615,677
717414,42,30,Pašušvio,298,124
717416,43,31,Pelėdnagių,1566,843
717418,42,32,Pelutavos,234,109
717420,42,34,Pernaravos,278,138
717422,46,6,Darginių,176,98
717424,46,10,Gasčiūnų,337,153
717426,46,13,Plikiškių,200,110
717428,46,14,Kepalių,300,161
717430,46,15,Kirnaičių,276,146
717432,46,16,Kriukų,369,175
717434,46,19,Mindaugių,235,112
717436,46,21,Satkūnų,302,147
717438,46,25,Bučiūnų,133,67
717440,46,26,Lieporų,139,65
717442,63,6,Mockų,238,113
717444,63,7,Jusevičių,546,239
717446,63,8,Sangrūdos,406,187
717448,63,9,Radiškės,253,120
717450,63,10,Salaperaugio,232,93
717452,63,11,Liubavo,229,113
717454,63,12,Brazavo,325,142
717456,63,13,Jurgežerių,239,109
717458,63,14,Tarprubežių,239,110
717460,63,15,Akmenynų,244,112
717462,63,16,Kampinių,276,105
717464,63,17,Aistiškių,251,116
717466,59,1,Vytauto,897,463
717468,59,13,Dainių,491,229
717470,59,14,Stasiūnų,978,466
717472,59,15,Melioratorių,837,454
717474,59,16,Žiežmarių,1466,779
717476,59,17,Gudienos,1618,749
717478,59,18,Žaslių,656,313
717480,59,19,Pajautiškių,403,168
717482,59,31,Liutonių,587,279
717484,65,5,Pagynės,637,299
717486,65,6,Panevėžiuko,979,403
717488,65,7,Čekiškės,703,324
717490,65,8,Liučiūnų,530,209
717492,65,9,Domeikavos,1790,1051
717494,65,11,Voškonių,982,460
717496,65,12,Lapių,2068,1053
717498,35,9,Gimnazijos,1080,571
717500,46,35,Drąsutaičių,114,46
717502,46,36,Pošupių,203,93
717504,12,23,Visorių,4533,3029
717506,13,217,Tarandės,2669,1697
717508,8,313,Salotės,2347,1398
717510,37,40,Bajorų,1349,576
717512,36,32,Karklės,1468,814
